id,age,income,employment_length,credit_score,dti_ratio,home_ownership
1,37,49689,8,667,24.7,MORTGAGE
2,23,66307,19,734,7.3,MORTGAGE
3,66,29224,5,783,14.9,RENT
4,24,31051,25,750,20.4,OTHER
5,34,27610,18,548,21.1,RENT
6,45,68819,20,738,26.9,MORTGAGE
7,62,94527,8,683,19.3,RENT
8,58,60334,29,652,28.2,MORTGAGE
9,56,78798,17,673,20.9,MORTGAGE
10,31,58922,3,703,9.7,OWN
11,22,42526,27,444,19.9,MORTGAGE
12,68,67447,30,589,27.6,OWN
13,34,107032,19,641,31.7,OWN
14,41,62343,28,850,22.5,MORTGAGE
15,30,49759,4,789,9.0,RENT
16,34,37708,22,816,19.7,MORTGAGE
17,59,64982,0,680,9.4,RENT
18,53,63497,21,739,23.2,MORTGAGE
19,64,39974,3,700,12.5,OWN
20,28,70366,27,612,22.1,OWN
21,57,42156,27,766,33.9,OWN
22,47,89202,6,732,26.9,RENT
23,57,115078,23,649,15.9,RENT
24,59,63710,1,752,1,OWN
25,37,58588,27,710,2.4,MORTGAGE
26,38,31599,10,616,26.5,RENT
27,22,116269,2,619,1,OTHER
28,37,35598,28,849,18.0,MORTGAGE
29,64,56686,9,845,38.3,RENT
30,65,33300,6,566,16.8,OWN
31,62,61278,4,757,27.9,OWN
32,24,26230,17,824,28.7,RENT
33,44,20923,28,731,23.9,RENT
34,32,17321,7,679,40.0,MORTGAGE
35,37,80185,23,566,20.1,RENT
36,36,43157,26,752,24.5,RENT
37,56,36600,26,622,20.8,MORTGAGE
38,42,41664,25,611,1,RENT
39,65,54836,17,850,18.9,MORTGAGE
40,68,32349,3,585,31.6,MORTGAGE
41,65,108074,12,727,21.9,MORTGAGE
42,63,126798,19,719,17.3,MORTGAGE
43,62,38432,21,640,18.8,OTHER
44,61,61262,15,696,24.3,OWN
45,22,63995,22,638,37.5,MORTGAGE
46,29,53206,7,651,4.7,MORTGAGE
47,49,32267,16,571,28.1,MORTGAGE
48,53,28328,16,580,16.4,RENT
49,46,50608,7,632,16.6,RENT
50,59,89583,28,705,23.9,MORTGAGE
51,48,87039,28,653,6.2,MORTGAGE
52,47,58810,21,760,18.9,MORTGAGE
53,30,45303,13,660,26.2,RENT
54,48,41065,30,732,21.9,RENT
55,70,91559,1,850,29.4,MORTGAGE
56,38,47232,22,621,22.6,MORTGAGE
57,58,58200,9,695,10.9,RENT
58,65,117253,9,686,17.9,OTHER
59,48,73362,0,797,24.1,OTHER
60,56,49082,19,550,23.7,MORTGAGE
61,37,46098,14,746,22.0,MORTGAGE
62,43,56194,8,595,19.5,MORTGAGE
63,37,30674,24,660,16.7,OWN
64,52,113296,11,685,13.3,OTHER
65,34,76062,23,657,15.4,OTHER
66,60,15000,16,640,21.1,RENT
67,57,49750,1,609,15.7,MORTGAGE
68,25,60052,5,584,21.7,RENT
69,58,41594,25,659,26.0,RENT
70,50,30166,12,565,29.1,MORTGAGE
71,35,51190,24,719,16.5,RENT
72,40,82098,15,564,30.1,RENT
73,34,27428,21,709,10.8,MORTGAGE
74,58,28329,26,712,31.5,OWN
75,49,54610,1,643,20.7,RENT
76,65,51365,24,664,27.7,MORTGAGE
77,62,289258,13,626,32.4,OWN
78,40,83804,15,729,16.7,MORTGAGE
79,54,96063,27,795,22.2,MORTGAGE
80,70,35984,14,604,29.5,RENT
81,37,61524,25,804,19.8,RENT
82,31,57523,26,636,6.1,OWN
83,34,101975,12,684,32.5,MORTGAGE
84,22,113962,8,595,20.3,MORTGAGE
85,46,91465,17,615,13.5,RENT
86,67,68368,15,613,30.4,OTHER
87,50,49167,3,758,39.8,RENT
88,43,80425,8,819,14.8,RENT
89,70,44378,28,801,9.6,MORTGAGE
90,70,31782,3,678,8.5,OWN
91,31,63748,13,759,22.4,MORTGAGE
92,59,90221,15,579,28.9,RENT
93,50,99845,2,653,49.9,RENT
94,28,86499,15,707,23.0,MORTGAGE
95,69,102574,21,662,43.7,MORTGAGE
96,38,95741,19,603,15.0,MORTGAGE
97,45,89552,18,644,21.5,RENT
98,39,38780,16,741,25.7,MORTGAGE
99,26,66829,30,656,38.5,MORTGAGE
100,56,70912,8,756,28.8,MORTGAGE
101,23,93113,15,586,4.5,RENT
102,29,43103,13,744,37.4,RENT
103,69,81952,21,745,17.9,MORTGAGE
104,39,56064,30,588,31.4,OWN
105,44,120247,20,549,29.5,OTHER
106,43,51044,25,664,22.2,MORTGAGE
107,31,145279,10,718,25.2,RENT
108,30,104221,0,740,39.6,RENT
109,26,29430,23,674,4.8,OWN
110,64,68548,27,831,11.0,OTHER
111,50,31751,29,639,25.7,MORTGAGE
112,55,47444,19,603,18.7,OWN
113,50,39439,13,509,29.9,MORTGAGE
114,31,77213,30,653,17.6,RENT
115,59,65474,1,646,34.4,MORTGAGE
116,40,90930,1,502,14.5,MORTGAGE
117,29,99454,11,815,23.0,MORTGAGE
118,64,30691,19,627,25.8,RENT
119,26,33808,12,759,30.9,RENT
120,58,77732,10,722,4.9,RENT
121,39,74163,13,570,24.6,RENT
122,47,50396,7,603,25.3,RENT
123,49,57235,23,674,26.4,MORTGAGE
124,49,83718,1,840,44.4,MORTGAGE
125,42,61223,0,641,33.4,OWN
126,47,66097,2,596,33.4,RENT
127,44,50618,11,484,19.4,MORTGAGE
128,26,32633,20,558,29.6,OWN
129,42,33373,19,775,31.2,RENT
130,26,64085,16,675,17.9,RENT
131,51,77716,12,781,1,MORTGAGE
132,31,101806,16,726,32.6,MORTGAGE
133,50,75621,14,711,8.4,RENT
134,43,32562,20,550,26.1,MORTGAGE
135,27,30818,10,832,17.2,RENT
136,43,85176,25,648,27.8,MORTGAGE
137,35,77818,5,624,12.7,RENT
138,69,90172,26,804,24.1,RENT
139,32,25619,25,755,21.5,RENT
140,37,31387,17,679,15.4,OWN
141,54,59694,12,608,1,MORTGAGE
142,67,34471,3,760,33.1,RENT
143,50,86085,7,478,39.3,OWN
144,28,64532,10,735,29.7,MORTGAGE
145,50,25948,15,754,5.7,RENT
146,40,38889,24,606,22.4,RENT
147,58,51431,16,666,22.3,OWN
148,26,31883,11,626,34.0,MORTGAGE
149,38,61920,11,765,21.8,RENT
150,24,35819,4,548,16.6,MORTGAGE
151,51,45834,24,692,28.5,MORTGAGE
152,24,51909,8,792,22.1,RENT
153,69,32521,12,709,1,RENT
154,68,37175,2,700,12.6,OTHER
155,60,78388,14,644,20.8,OWN
156,25,38065,20,607,34.7,RENT
157,26,33421,4,637,23.3,RENT
158,26,46516,24,762,11.0,RENT
159,57,94443,29,722,34.8,MORTGAGE
160,26,54020,4,740,1.6,OWN
161,56,27343,17,610,19.9,RENT
162,53,49878,7,838,34.5,RENT
163,52,341384,23,550,5.1,MORTGAGE
164,30,68418,11,550,34.5,MORTGAGE
165,55,49522,3,705,25.4,RENT
166,57,39621,20,718,19.9,MORTGAGE
167,68,46690,19,631,29.4,MORTGAGE
168,63,41243,8,826,25.2,MORTGAGE
169,65,38949,7,632,12.9,MORTGAGE
170,67,68524,27,653,9.4,RENT
171,39,68197,3,732,16.8,RENT
172,58,43439,10,715,20.8,RENT
173,51,64529,16,850,28.8,RENT
174,22,34032,17,622,28.1,MORTGAGE
175,57,66364,11,789,19.6,OWN
176,45,136308,12,850,24.5,MORTGAGE
177,43,56120,22,704,26.0,RENT
178,41,83389,26,582,12.1,OWN
179,48,56772,3,760,6.6,MORTGAGE
180,36,23232,18,711,19.6,RENT
181,23,38488,6,554,12.3,OWN
182,25,64366,23,507,18.7,MORTGAGE
183,44,63242,17,572,13.0,MORTGAGE
184,41,81965,30,666,24.1,MORTGAGE
185,29,39341,9,811,10.8,MORTGAGE
186,27,80706,22,661,15.8,RENT
187,28,39526,4,806,12.1,RENT
188,65,81788,3,557,22.1,MORTGAGE
189,40,56789,30,620,15.8,MORTGAGE
190,33,17019,29,644,5.4,MORTGAGE
191,40,116503,27,738,23.0,MORTGAGE
192,30,51904,15,792,28.7,RENT
193,43,74654,23,677,25.3,MORTGAGE
194,47,31802,2,730,18.9,RENT
195,43,124695,30,693,16.9,RENT
196,54,57735,21,628,40.5,MORTGAGE
197,31,186273,15,721,1,RENT
198,65,40090,7,647,22.6,RENT
199,54,50511,17,650,25.7,RENT
200,50,48584,16,645,26.0,OWN
201,38,25571,12,730,28.7,MORTGAGE
202,52,51890,2,850,32.1,MORTGAGE
203,27,24446,12,813,16.0,OWN
204,22,146599,26,850,23.1,OWN
205,34,85893,8,681,36.8,RENT
206,24,65271,19,681,7.9,MORTGAGE
207,25,44040,24,533,42.2,RENT
208,31,38783,28,707,34.1,OWN
209,57,37426,13,787,1,MORTGAGE
210,70,68194,5,616,14.8,RENT
211,46,47652,4,792,22.3,MORTGAGE
212,65,46965,12,694,19.8,RENT
213,22,155388,9,730,23.5,MORTGAGE
214,42,157234,17,736,23.6,OWN
215,52,54387,23,638,22.6,RENT
216,59,49499,17,679,12.9,RENT
217,43,54349,21,548,21.1,OTHER
218,33,108840,15,749,32.8,MORTGAGE
219,22,42160,24,805,5.6,RENT
220,61,70556,29,799,34.5,RENT
221,23,29437,9,660,6.5,OWN
222,44,108469,8,687,20.9,RENT
223,27,114723,27,700,10.8,MORTGAGE
224,27,55480,5,691,11.3,MORTGAGE
225,66,45445,28,736,30.6,RENT
226,42,51521,29,658,28.8,RENT
227,65,139651,12,690,29.1,MORTGAGE
228,28,53812,1,436,4.4,RENT
229,36,255034,15,638,7.3,OWN
230,27,77726,2,660,20.9,MORTGAGE
231,45,103862,14,850,22.3,RENT
232,27,61756,17,711,7.6,MORTGAGE
233,58,28787,7,661,6.9,RENT
234,52,76777,9,715,23.9,MORTGAGE
235,43,56603,12,686,27.3,MORTGAGE
236,42,31382,9,609,9.7,OWN
237,37,31360,18,644,18.3,MORTGAGE
238,57,53883,24,736,37.9,MORTGAGE
239,48,81506,25,838,19.5,RENT
240,52,79315,19,609,11.3,MORTGAGE
241,62,22636,19,630,26.1,RENT
242,70,50144,12,814,13.3,RENT
243,50,41281,7,551,14.2,MORTGAGE
244,29,159493,2,622,29.9,RENT
245,66,65170,23,656,18.4,RENT
246,37,41407,23,656,9.4,RENT
247,49,42882,21,640,9.0,MORTGAGE
248,26,80339,22,695,6.1,OWN
249,62,32555,30,630,18.2,RENT
250,41,104955,25,742,33.7,MORTGAGE
251,48,65990,12,645,11.2,OWN
252,53,47567,5,730,20.4,MORTGAGE
253,54,86093,17,709,16.1,OWN
254,39,38623,1,698,23.3,MORTGAGE
255,56,51832,8,562,26.2,MORTGAGE
256,63,53373,26,721,22.1,OTHER
257,37,98423,24,413,26.1,MORTGAGE
258,44,23538,18,743,8.8,RENT
259,28,49164,26,487,33.0,OWN
260,67,42004,4,665,18.7,MORTGAGE
261,62,38219,2,619,26.7,OWN
262,68,47244,0,756,44.3,MORTGAGE
263,53,91041,6,699,19.8,RENT
264,24,101703,1,604,36.2,OWN
265,66,54466,6,850,39.4,RENT
266,25,118194,5,545,15.2,MORTGAGE
267,59,54387,4,782,24.2,RENT
268,27,62410,12,703,21.4,RENT
269,31,32595,21,770,33.7,MORTGAGE
270,65,17616,19,677,15.5,MORTGAGE
271,30,82906,25,623,22.2,RENT
272,55,23455,6,785,16.9,RENT
273,62,54603,15,636,11.8,OTHER
274,65,34785,17,729,27.3,OTHER
275,47,163560,30,723,7.9,OWN
276,27,46279,8,558,17.6,RENT
277,26,26321,20,690,18.0,OTHER
278,41,85679,1,772,14.6,RENT
279,68,54742,16,596,21.4,MORTGAGE
280,55,63982,8,840,36.5,MORTGAGE
281,32,54262,11,563,21.9,MORTGAGE
282,52,50970,1,688,7.2,RENT
283,68,67091,13,610,14.0,MORTGAGE
284,47,15000,30,765,32.2,RENT
285,41,73465,25,629,21.5,RENT
286,31,33025,7,803,32.3,RENT
287,46,53734,21,684,31.4,RENT
288,39,101277,22,850,40.8,MORTGAGE
289,30,28022,16,678,15.5,MORTGAGE
290,47,83608,25,674,17.0,RENT
291,32,42690,3,685,13.7,RENT
292,32,67730,2,508,25.0,MORTGAGE
293,47,66489,11,737,7.0,RENT
294,51,43580,3,573,36.3,RENT
295,63,35181,20,718,33.5,MORTGAGE
296,43,26300,2,580,39.1,RENT
297,44,62294,5,814,23.4,RENT
298,57,33876,28,616,17.8,RENT
299,23,268777,17,681,39.4,RENT
300,23,53773,5,590,19.1,MORTGAGE
301,28,15000,5,717,22.1,OWN
302,33,51333,29,768,28.0,MORTGAGE
303,58,91107,4,610,40.0,MORTGAGE
304,23,65871,7,735,21.6,MORTGAGE
305,25,33826,10,831,35.2,MORTGAGE
306,47,76391,21,806,14.2,RENT
307,67,45385,5,806,37.1,MORTGAGE
308,30,95131,9,574,22.3,MORTGAGE
309,61,62144,29,799,24.3,MORTGAGE
310,27,52391,28,734,28.5,MORTGAGE
311,28,35059,25,650,21.4,OWN
312,28,39552,12,741,30.4,MORTGAGE
313,28,55325,8,697,27.5,RENT
314,23,49133,22,850,8.8,MORTGAGE
315,68,49902,17,771,33.1,MORTGAGE
316,45,45325,1,580,26.3,MORTGAGE
317,29,18986,15,520,18.4,OWN
318,50,77272,5,619,32.3,RENT
319,56,45078,11,661,7.6,RENT
320,52,46012,29,814,15.4,RENT
321,65,41733,18,582,27.6,MORTGAGE
322,27,42515,13,696,32.7,OTHER
323,46,22069,2,656,10.1,MORTGAGE
324,48,28755,25,643,26.3,MORTGAGE
325,56,49585,9,641,37.0,RENT
326,65,71333,19,672,21.0,MORTGAGE
327,43,32574,0,848,25.5,RENT
328,50,44485,23,712,23.3,MORTGAGE
329,45,74383,16,593,27.2,RENT
330,33,23695,0,790,28.7,MORTGAGE
331,51,36902,26,659,7.8,RENT
332,57,134331,18,759,18.5,MORTGAGE
333,36,27139,6,775,13.0,RENT
334,30,50693,29,681,13.9,RENT
335,46,36742,28,661,28.6,RENT
336,45,52536,21,670,9.6,RENT
337,63,25124,8,566,16.9,RENT
338,47,23241,19,735,13.9,MORTGAGE
339,67,85892,18,558,40.4,RENT
340,41,35824,16,791,32.8,MORTGAGE
341,33,134257,24,671,42.3,MORTGAGE
342,38,89333,11,515,12.4,RENT
343,54,36730,6,606,33.0,OWN
344,51,52996,18,762,34.4,RENT
345,39,63533,14,667,26.4,MORTGAGE
346,47,79804,13,745,11.7,RENT
347,34,31959,16,797,22.9,MORTGAGE
348,32,77326,9,765,24.8,MORTGAGE
349,43,73749,4,554,33.6,MORTGAGE
350,35,120389,4,699,20.7,RENT
351,61,41393,17,729,52.9,MORTGAGE
352,66,83297,15,597,30.8,MORTGAGE
353,48,106587,4,664,24.3,MORTGAGE
354,55,74351,8,699,31.3,OWN
355,22,31896,7,640,26.3,RENT
356,28,44617,23,686,33.9,OWN
357,45,61467,9,691,24.8,MORTGAGE
358,43,29989,5,759,15.3,MORTGAGE
359,46,114402,8,492,17.8,OWN
360,48,48463,3,850,31.7,MORTGAGE
361,68,28523,28,542,27.2,MORTGAGE
362,65,83544,22,674,5.7,MORTGAGE
363,28,49444,19,543,7.3,OWN
364,32,53485,20,710,10.8,OWN
365,36,77085,16,644,12.7,MORTGAGE
366,29,73758,10,769,38.4,RENT
367,61,24663,30,753,8.4,MORTGAGE
368,57,22445,10,750,23.5,MORTGAGE
369,62,52686,11,676,30.1,OWN
370,28,25818,13,744,21.8,RENT
371,24,42890,13,671,39.1,MORTGAGE
372,69,84116,16,750,44.3,MORTGAGE
373,30,97706,23,732,33.6,MORTGAGE
374,39,33332,7,572,14.7,RENT
375,57,35548,22,679,32.1,MORTGAGE
376,67,19170,4,601,7.2,OWN
377,67,58687,21,563,7.6,MORTGAGE
378,25,53310,4,659,18.8,MORTGAGE
379,35,28332,9,753,22.1,MORTGAGE
380,46,29194,17,777,23.4,MORTGAGE
381,42,122196,21,508,25.2,MORTGAGE
382,67,61400,20,619,19.6,MORTGAGE
383,33,106953,5,740,21.5,RENT
384,67,51854,14,685,24.6,MORTGAGE
385,57,33058,18,625,11.0,RENT
386,47,53276,17,586,27.9,RENT
387,70,29296,17,681,23.3,MORTGAGE
388,42,22668,21,515,8.9,RENT
389,54,49476,16,526,19.2,MORTGAGE
390,56,160528,17,791,25.7,MORTGAGE
391,69,133648,28,726,24.3,MORTGAGE
392,38,59117,25,705,9.8,RENT
393,29,56257,21,664,8.0,MORTGAGE
394,65,48851,25,718,20.7,MORTGAGE
395,69,59901,4,570,8.2,OWN
396,22,24928,11,720,10.0,RENT
397,69,47127,23,752,29.5,OWN
398,64,40815,5,710,28.0,MORTGAGE
399,68,38762,6,647,1,RENT
400,61,93039,10,716,13.7,RENT
401,36,79064,25,718,18.6,RENT
402,41,57999,24,583,17.2,MORTGAGE
403,62,43971,23,726,25.5,RENT
404,24,78813,29,580,10.1,OTHER
405,40,126486,23,705,29.9,RENT
406,32,39437,21,850,22.2,RENT
407,44,103246,30,768,38.4,RENT
408,52,49056,12,521,40.0,RENT
409,56,122269,18,658,13.2,RENT
410,55,207224,7,677,6.7,RENT
411,54,68225,2,714,17.7,RENT
412,29,134052,23,700,10.7,RENT
413,30,64523,5,793,20.1,MORTGAGE
414,23,113378,20,483,33.7,MORTGAGE
415,48,43199,26,716,7.7,MORTGAGE
416,60,34474,14,666,15.9,RENT
417,60,53407,4,586,31.3,MORTGAGE
418,60,79709,4,756,21.5,MORTGAGE
419,52,32829,30,649,24.4,MORTGAGE
420,40,18178,2,699,11.8,RENT
421,63,49737,12,572,27.0,OWN
422,45,100524,18,672,1,RENT
423,38,96450,15,729,35.1,MORTGAGE
424,66,69272,25,727,26.4,OWN
425,62,40734,30,665,26.4,RENT
426,47,57922,12,701,12.8,MORTGAGE
427,64,54317,27,666,33.0,RENT
428,22,35618,20,640,26.2,RENT
429,26,58908,22,684,33.0,MORTGAGE
430,34,39017,30,705,12.2,RENT
431,54,53686,3,597,41.7,MORTGAGE
432,43,38895,24,537,32.8,OWN
433,65,72534,7,796,16.6,OWN
434,65,81639,12,673,21.9,MORTGAGE
435,65,47007,23,628,27.9,MORTGAGE
436,61,138826,26,702,11.3,RENT
437,24,56445,30,850,27.6,RENT
438,36,29858,12,689,22.0,OWN
439,33,122092,24,577,17.1,OWN
440,61,63471,11,649,26.2,RENT
441,66,87598,13,718,22.1,OWN
442,39,23290,23,615,26.2,MORTGAGE
443,30,40423,15,699,41.5,OWN
444,66,47983,3,697,25.6,RENT
445,38,88536,25,606,16.3,RENT
446,42,117532,11,751,16.6,MORTGAGE
447,43,41309,20,850,9.9,OWN
448,60,79131,8,649,17.1,OWN
449,30,63831,0,630,19.9,MORTGAGE
450,25,80878,17,850,31.9,MORTGAGE
451,36,22918,9,574,22.1,MORTGAGE
452,52,23170,10,587,2.2,MORTGAGE
453,62,40203,23,596,29.7,MORTGAGE
454,45,67127,9,685,17.0,RENT
455,53,98953,22,654,32.8,RENT
456,57,55377,13,766,15.0,MORTGAGE
457,61,64452,24,621,27.4,RENT
458,62,60658,3,724,11.4,MORTGAGE
459,40,53103,3,698,20.1,MORTGAGE
460,53,77807,25,637,33.2,MORTGAGE
461,56,72993,2,826,15.6,MORTGAGE
462,37,33497,14,660,21.8,OWN
463,32,36570,10,647,20.0,MORTGAGE
464,64,146011,27,739,23.0,MORTGAGE
465,24,98962,0,795,8.6,MORTGAGE
466,70,54197,10,543,19.5,MORTGAGE
467,70,97134,20,633,9.9,MORTGAGE
468,50,62438,22,679,10.3,OWN
469,57,66064,19,502,28.6,OWN
470,23,37339,5,623,15.1,MORTGAGE
471,53,40359,21,704,22.6,RENT
472,30,47774,30,665,23.1,RENT
473,66,78725,19,600,19.3,RENT
474,62,35928,14,833,33.9,MORTGAGE
475,68,38111,1,711,29.7,MORTGAGE
476,37,67245,21,635,1,MORTGAGE
477,64,38306,22,560,17.8,MORTGAGE
478,44,46954,29,560,32.3,OTHER
479,56,27534,18,661,25.8,MORTGAGE
480,60,87986,9,564,27.4,MORTGAGE
481,66,119217,30,618,31.8,OWN
482,45,58208,8,629,27.8,RENT
483,52,65923,10,687,30.7,MORTGAGE
484,46,116979,18,634,25.0,MORTGAGE
485,69,25711,7,802,14.2,RENT
486,66,50480,16,630,22.6,MORTGAGE
487,47,53608,9,616,27.4,OWN
488,70,53643,4,524,30.5,OWN
489,49,51198,8,613,11.9,RENT
490,41,99198,24,606,26.5,MORTGAGE
491,31,39991,11,704,23.0,RENT
492,43,27444,0,793,20.3,OWN
493,57,97065,8,711,5.9,RENT
494,66,64598,6,678,19.6,MORTGAGE
495,28,30074,27,759,42.0,MORTGAGE
496,60,69912,27,743,15.7,OWN
497,53,100090,10,681,17.4,RENT
498,25,49992,25,785,7.5,MORTGAGE
499,27,82347,4,630,20.5,MORTGAGE
500,50,44274,10,850,15.4,RENT
501,30,112234,16,629,2.2,MORTGAGE
502,42,45985,5,539,25.0,RENT
503,62,118334,26,631,29.3,MORTGAGE
504,61,41986,18,625,22.9,MORTGAGE
505,63,53640,22,557,8.3,OWN
506,48,49681,8,681,24.6,RENT
507,37,55714,14,600,6.5,MORTGAGE
508,63,27711,16,674,34.5,OWN
509,69,53326,12,788,31.6,MORTGAGE
510,32,131009,14,623,9.8,RENT
511,33,68824,3,542,26.2,MORTGAGE
512,34,98950,22,731,25.2,RENT
513,55,27382,2,645,17.7,OTHER
514,64,80589,27,718,25.9,RENT
515,29,49009,5,752,42.4,RENT
516,53,53396,28,670,23.0,OWN
517,62,101639,19,683,4.5,RENT
518,60,30054,26,761,15.3,RENT
519,58,33095,19,574,23.5,OWN
520,26,85532,12,653,23.0,RENT
521,66,85310,6,635,22.9,MORTGAGE
522,40,31604,22,554,4.6,RENT
523,62,36852,23,600,3.8,MORTGAGE
524,69,60186,3,804,32.4,OTHER
525,66,51158,6,671,18.5,RENT
526,58,35585,23,647,20.2,RENT
527,52,55351,4,656,28.2,MORTGAGE
528,58,20987,9,672,20.6,OWN
529,39,40048,4,744,26.9,RENT
530,70,68200,25,697,14.9,MORTGAGE
531,35,106840,9,562,15.9,RENT
532,31,59252,16,782,30.3,MORTGAGE
533,55,27719,30,795,19.6,MORTGAGE
534,60,55824,21,850,28.2,MORTGAGE
535,35,61001,20,830,19.2,RENT
536,61,74790,0,722,17.7,OWN
537,26,29260,5,719,14.1,OWN
538,49,63154,2,764,9.8,MORTGAGE
539,56,120381,25,728,41.9,MORTGAGE
540,65,43717,9,667,11.5,OWN
541,64,68923,29,642,12.4,RENT
542,44,61653,9,507,17.9,RENT
543,48,91705,18,647,22.5,RENT
544,58,32904,13,647,24.9,RENT
545,42,57307,14,559,4.5,RENT
546,53,31981,10,543,19.8,RENT
547,50,54194,4,730,12.2,MORTGAGE
548,49,33778,9,500,17.5,OTHER
549,57,73117,11,732,22.4,MORTGAGE
550,62,117586,12,692,17.9,RENT
551,45,85479,29,713,25.1,OTHER
552,49,122696,21,795,27.3,RENT
553,54,40286,14,793,5.5,RENT
554,54,54687,22,534,19.2,MORTGAGE
555,66,87928,30,599,36.2,OWN
556,69,42650,20,628,14.3,MORTGAGE
557,52,38088,0,771,1.2,MORTGAGE
558,69,105807,19,748,16.2,RENT
559,23,51275,19,843,21.0,OWN
560,60,50722,3,689,28.1,RENT
561,55,31300,25,648,27.9,RENT
562,46,56412,24,394,22.8,MORTGAGE
563,25,28165,3,585,27.0,RENT
564,49,56642,27,630,44.8,OWN
565,49,77150,11,770,10.8,RENT
566,69,40923,21,593,22.8,MORTGAGE
567,26,57944,0,674,26.5,RENT
568,25,60028,2,686,35.5,MORTGAGE
569,63,40261,24,610,1,MORTGAGE
570,49,69682,8,767,16.7,MORTGAGE
571,38,65478,1,762,29.5,OWN
572,56,91503,4,725,22.8,MORTGAGE
573,50,76511,24,811,33.7,MORTGAGE
574,58,78006,12,726,37.7,MORTGAGE
575,22,45423,7,693,10.6,MORTGAGE
576,63,63531,30,670,32.4,OTHER
577,46,42208,1,646,17.5,RENT
578,30,38008,6,752,24.2,OTHER
579,50,34155,30,614,23.8,RENT
580,51,109897,16,711,40.8,OWN
581,61,95394,15,762,36.9,RENT
582,59,80375,26,781,39.0,RENT
583,69,83588,26,703,18.1,OTHER
584,33,23885,18,720,19.4,RENT
585,30,83164,1,489,37.7,MORTGAGE
586,63,57056,22,850,15.2,MORTGAGE
587,33,93185,7,667,19.9,RENT
588,57,34452,0,696,22.5,OWN
589,62,49667,24,618,17.7,RENT
590,63,140684,1,789,17.5,RENT
591,53,50603,0,628,18.2,RENT
592,29,18600,7,676,19.9,MORTGAGE
593,31,49753,13,654,24.9,RENT
594,30,73693,10,635,34.7,RENT
595,60,38116,9,684,31.8,OTHER
596,35,90201,15,831,6.0,RENT
597,59,62466,29,621,42.9,MORTGAGE
598,55,30058,13,668,7.7,MORTGAGE
599,35,25123,13,682,27.6,MORTGAGE
600,59,21045,23,628,32.9,MORTGAGE
601,62,63422,27,555,41.1,RENT
602,35,44014,25,786,23.0,MORTGAGE
603,61,63348,14,763,31.2,MORTGAGE
604,63,51875,3,745,1,MORTGAGE
605,49,74241,21,637,21.4,RENT
606,40,26129,17,646,12.9,MORTGAGE
607,26,90728,9,848,28.2,MORTGAGE
608,56,40187,21,627,32.3,OWN
609,63,22050,16,734,15.2,MORTGAGE
610,58,34379,9,733,33.9,RENT
611,40,46421,11,683,16.2,MORTGAGE
612,32,27075,4,633,22.2,RENT
613,44,51491,10,657,28.5,OTHER
614,42,54232,14,629,36.8,OWN
615,58,24255,24,850,13.1,MORTGAGE
616,29,46128,17,719,18.4,MORTGAGE
617,39,32425,7,604,23.4,MORTGAGE
618,25,100783,30,629,29.9,RENT
619,57,77268,14,636,35.8,OWN
620,48,18815,23,653,30.5,RENT
621,70,147197,18,572,21.2,MORTGAGE
622,33,34222,6,498,26.1,OWN
623,22,37955,25,675,26.8,MORTGAGE
624,63,72356,22,589,22.2,RENT
625,65,36199,20,513,6.8,RENT
626,51,62833,10,696,25.9,RENT
627,62,75004,16,633,33.1,MORTGAGE
628,65,41142,26,504,24.5,MORTGAGE
629,45,67042,9,710,23.9,MORTGAGE
630,61,24936,17,758,12.9,MORTGAGE
631,30,56895,26,645,32.1,RENT
632,33,33225,10,555,21.4,MORTGAGE
633,27,69980,4,686,6.9,RENT
634,54,61196,21,687,12.6,MORTGAGE
635,35,62723,19,718,16.3,MORTGAGE
636,32,103637,11,659,32.7,MORTGAGE
637,34,29398,22,689,28.0,MORTGAGE
638,45,33938,15,834,20.0,MORTGAGE
639,29,71384,13,583,22.6,OWN
640,42,117850,2,645,12.2,OWN
641,49,47207,27,609,23.4,MORTGAGE
642,47,53924,3,784,8.4,RENT
643,26,106868,5,844,17.6,RENT
644,59,54434,24,526,8.0,MORTGAGE
645,31,74997,8,594,22.5,RENT
646,65,21184,15,667,28.2,MORTGAGE
647,53,26003,16,688,23.8,MORTGAGE
648,70,33342,30,751,32.4,MORTGAGE
649,64,55961,17,657,27.4,MORTGAGE
650,53,55212,21,636,13.9,MORTGAGE
651,61,78311,12,598,14.4,RENT
652,23,106690,18,570,23.3,RENT
653,63,61694,7,743,20.4,MORTGAGE
654,49,88739,27,633,2.4,RENT
655,53,82008,25,589,34.1,RENT
656,34,39583,13,615,2.6,MORTGAGE
657,61,53529,7,771,21.8,MORTGAGE
658,44,31611,6,712,26.1,RENT
659,51,65843,16,621,16.0,MORTGAGE
660,51,24604,30,590,20.4,MORTGAGE
661,37,50697,4,595,30.9,RENT
662,39,61874,13,735,28.4,RENT
663,51,63237,9,838,1,OWN
664,57,133354,21,671,30.8,OTHER
665,26,76219,27,785,30.3,RENT
666,54,65399,23,707,33.1,MORTGAGE
667,43,32680,10,554,30.1,MORTGAGE
668,48,176300,14,787,21.6,OWN
669,39,76812,30,558,39.1,RENT
670,64,50279,23,699,23.0,MORTGAGE
671,65,47933,25,762,36.5,MORTGAGE
672,70,43975,29,746,22.6,MORTGAGE
673,27,27029,8,582,32.5,OWN
674,32,28347,26,799,18.2,RENT
675,62,26528,5,689,8.6,RENT
676,63,69081,22,732,23.6,MORTGAGE
677,42,115943,26,670,24.0,OWN
678,23,42749,30,727,34.8,MORTGAGE
679,49,47658,19,697,17.4,OTHER
680,51,47134,29,526,27.4,RENT
681,30,123502,12,664,15.8,RENT
682,38,63112,9,637,23.0,RENT
683,47,65957,22,501,15.9,MORTGAGE
684,44,74411,29,647,45.7,OTHER
685,30,87028,11,650,34.5,MORTGAGE
686,67,45043,10,714,16.6,RENT
687,49,26505,29,755,17.8,MORTGAGE
688,31,237936,24,563,1,MORTGAGE
689,67,90637,5,721,17.1,MORTGAGE
690,68,44072,3,587,25.4,RENT
691,59,30399,21,731,30.3,RENT
692,23,54319,10,639,16.0,RENT
693,67,64160,26,701,16.1,OTHER
694,68,19528,10,557,43.8,MORTGAGE
695,26,130011,23,646,9.0,RENT
696,46,91108,5,829,23.5,MORTGAGE
697,65,17604,28,662,14.5,RENT
698,49,69958,19,625,30.8,RENT
699,36,48403,21,438,12.5,MORTGAGE
700,52,56403,25,644,13.0,MORTGAGE
701,24,41600,29,576,10.1,OWN
702,54,91419,24,606,38.3,OWN
703,68,40380,18,734,7.7,MORTGAGE
704,38,65893,19,688,25.3,OWN
705,64,60470,27,543,35.3,OWN
706,22,44282,4,692,28.7,MORTGAGE
707,62,72705,26,720,29.8,RENT
708,50,69460,22,706,33.0,MORTGAGE
709,28,47110,0,694,11.2,OTHER
710,53,54130,12,704,6.0,MORTGAGE
711,39,66506,2,610,30.1,OWN
712,68,49167,9,674,25.3,RENT
713,51,30478,21,541,27.7,MORTGAGE
714,32,83703,27,615,16.1,MORTGAGE
715,53,56589,30,520,19.7,RENT
716,54,119086,28,771,25.6,OWN
717,24,52318,24,837,23.6,MORTGAGE
718,70,42671,14,766,25.6,MORTGAGE
719,45,67329,6,702,26.6,OWN
720,29,37789,4,631,28.2,OWN
721,45,73008,8,667,19.8,MORTGAGE
722,48,41561,13,691,40.6,OTHER
723,55,73326,22,535,25.9,RENT
724,58,29581,28,611,35.2,MORTGAGE
725,68,30452,9,631,21.0,RENT
726,56,32296,6,649,12.1,OWN
727,24,19565,2,709,12.3,MORTGAGE
728,43,76790,16,775,22.3,RENT
729,29,88817,16,648,19.8,RENT
730,69,44507,18,771,31.1,RENT
731,40,40035,9,716,12.8,MORTGAGE
732,45,78441,6,765,16.6,OWN
733,45,69811,2,722,17.5,MORTGAGE
734,53,69509,29,594,20.8,RENT
735,29,48064,16,785,18.2,RENT
736,29,105228,3,809,16.4,OWN
737,59,58580,4,521,1.3,RENT
738,24,54625,2,793,10.7,MORTGAGE
739,54,43007,4,704,10.9,MORTGAGE
740,36,33073,12,590,29.4,RENT
741,67,59675,20,690,16.8,MORTGAGE
742,34,15456,16,690,22.0,RENT
743,59,133885,26,726,5.0,MORTGAGE
744,23,58574,13,775,27.6,RENT
745,31,73283,2,722,18.4,RENT
746,42,71686,13,619,20.8,MORTGAGE
747,46,98115,16,689,29.5,RENT
748,39,23776,0,546,9.5,RENT
749,54,60824,20,648,29.6,RENT
750,22,46489,1,791,31.8,MORTGAGE
751,62,115241,11,679,26.4,RENT
752,30,81933,26,797,16.3,MORTGAGE
753,70,35705,8,645,19.9,MORTGAGE
754,63,143736,4,585,34.1,RENT
755,56,31353,12,645,39.9,MORTGAGE
756,46,59080,26,636,26.4,RENT
757,70,61129,0,620,17.6,RENT
758,45,37878,15,666,33.3,MORTGAGE
759,53,70173,16,735,25.1,MORTGAGE
760,36,63201,18,744,33.8,RENT
761,51,32935,28,577,32.6,MORTGAGE
762,55,53513,21,751,12.7,MORTGAGE
763,27,85485,10,643,35.2,OTHER
764,41,45937,10,731,34.9,RENT
765,28,37043,7,838,1,MORTGAGE
766,28,27280,24,700,12.7,RENT
767,25,46635,4,699,31.4,RENT
768,28,74140,12,845,14.4,MORTGAGE
769,63,33663,10,771,38.2,OWN
770,34,48762,25,652,26.3,OWN
771,25,69590,1,699,31.2,OWN
772,43,84645,19,741,15.2,OWN
773,34,50962,11,651,36.1,RENT
774,43,32074,22,643,29.7,RENT
775,36,25048,15,820,34.5,MORTGAGE
776,69,21765,25,699,14.8,MORTGAGE
777,34,49346,14,633,7.0,RENT
778,57,32038,10,787,22.2,RENT
779,29,94260,28,765,18.4,OWN
780,49,46591,19,521,24.7,RENT
781,62,35920,13,653,22.1,MORTGAGE
782,39,62699,25,666,35.6,OTHER
783,54,27779,5,711,6.2,MORTGAGE
784,67,29922,15,654,32.9,MORTGAGE
785,35,140656,12,732,14.8,MORTGAGE
786,36,71191,11,764,12.3,MORTGAGE
787,23,35908,12,706,25.1,MORTGAGE
788,39,51140,25,551,26.1,RENT
789,65,78672,26,643,25.7,MORTGAGE
790,41,48819,24,612,20.2,OTHER
791,31,60168,24,573,26.8,MORTGAGE
792,51,45136,26,584,19.7,MORTGAGE
793,45,78270,0,516,35.1,RENT
794,70,84150,21,629,7.7,OWN
795,43,47300,30,725,5.7,MORTGAGE
796,52,80195,6,593,32.1,OWN
797,53,125583,19,753,28.6,MORTGAGE
798,55,49807,11,582,30.9,MORTGAGE
799,35,81172,12,550,26.6,OWN
800,51,39788,21,589,21.8,RENT
801,53,45360,28,484,9.3,MORTGAGE
802,61,25834,12,767,30.7,OWN
803,58,88101,22,581,34.8,RENT
804,68,46122,23,663,39.9,OWN
805,48,91461,10,801,14.7,OWN
806,47,33194,23,679,28.2,RENT
807,27,30461,2,679,14.9,OTHER
808,33,58914,3,688,18.6,RENT
809,67,79767,6,728,36.6,RENT
810,46,28959,3,610,18.0,MORTGAGE
811,27,161801,6,680,24.4,RENT
812,64,29680,26,798,25.0,OWN
813,47,74337,17,702,26.7,RENT
814,36,85313,14,643,38.8,MORTGAGE
815,67,102816,3,641,1,MORTGAGE
816,66,49516,21,818,26.2,MORTGAGE
817,50,97654,18,617,11.4,RENT
818,37,26597,9,537,20.7,MORTGAGE
819,37,71368,1,715,34.0,MORTGAGE
820,63,29577,13,687,28.4,RENT
821,65,35977,7,790,19.7,MORTGAGE
822,34,68166,30,776,51.4,MORTGAGE
823,27,39161,16,697,12.0,RENT
824,62,100632,30,641,28.0,OWN
825,70,74611,13,570,35.8,OWN
826,57,39408,4,786,20.9,OWN
827,34,60985,15,723,25.7,RENT
828,45,31751,23,850,15.6,OTHER
829,34,122686,5,828,24.0,MORTGAGE
830,49,61513,12,659,21.3,RENT
831,51,42442,19,654,27.3,RENT
832,46,62774,22,709,11.4,MORTGAGE
833,54,38760,9,713,36.4,RENT
834,58,43756,20,674,23.5,RENT
835,22,54843,15,734,36.1,OWN
836,34,72216,4,705,10.2,RENT
837,38,21805,6,679,42.1,OWN
838,43,61841,2,719,29.2,OWN
839,28,55825,1,798,26.3,RENT
840,49,58352,19,529,14.2,RENT
841,43,61007,11,657,22.3,MORTGAGE
842,39,56451,16,725,37.9,RENT
843,62,50577,0,548,39.7,RENT
844,47,39029,15,651,20.8,RENT
845,34,72465,19,751,17.2,MORTGAGE
846,51,110093,17,637,27.4,RENT
847,49,41506,3,811,24.4,MORTGAGE
848,64,26197,30,654,25.9,OWN
849,60,103374,29,699,30.4,MORTGAGE
850,38,26522,7,781,25.2,RENT
851,46,48274,10,637,21.5,RENT
852,30,83419,21,643,8.5,RENT
853,36,139241,26,812,11.0,MORTGAGE
854,54,28380,9,644,27.1,OTHER
855,43,190813,1,619,31.1,MORTGAGE
856,47,20484,23,708,16.4,MORTGAGE
857,70,70627,11,589,19.0,MORTGAGE
858,70,50654,10,641,27.1,RENT
859,31,66497,28,583,26.5,RENT
860,46,15000,4,562,32.0,MORTGAGE
861,43,85271,20,850,1,MORTGAGE
862,33,57210,30,542,16.4,MORTGAGE
863,45,87320,14,586,27.0,RENT
864,28,45423,23,615,23.7,OWN
865,56,82880,25,850,29.3,RENT
866,56,56580,18,571,18.0,RENT
867,50,45085,17,633,23.6,RENT
868,54,48665,3,694,14.2,RENT
869,56,48704,21,523,9.7,MORTGAGE
870,24,51496,21,542,22.5,RENT
871,61,43487,23,619,10.9,RENT
872,56,18722,4,584,26.0,RENT
873,31,29270,13,732,14.9,RENT
874,62,33940,10,642,40.6,MORTGAGE
875,46,121148,7,850,38.7,RENT
876,66,43916,11,694,14.7,RENT
877,69,39512,25,680,14.3,MORTGAGE
878,30,26147,21,624,30.1,RENT
879,44,71100,14,593,25.5,RENT
880,27,36584,27,710,31.7,RENT
881,27,48923,1,730,21.5,OWN
882,54,48458,15,724,16.0,OWN
883,66,51392,13,685,13.0,OTHER
884,70,45933,28,811,14.9,RENT
885,43,75574,3,616,28.5,OWN
886,47,120144,18,713,23.7,MORTGAGE
887,44,29518,1,816,33.1,RENT
888,53,56303,13,670,26.0,MORTGAGE
889,47,37177,15,688,15.3,MORTGAGE
890,44,34637,4,626,22.0,MORTGAGE
891,24,90011,28,562,25.6,OWN
892,70,25513,10,723,23.9,OWN
893,65,75132,0,738,23.3,RENT
894,31,70443,19,762,21.2,RENT
895,28,40121,22,705,18.4,RENT
896,31,60073,6,696,9.6,RENT
897,49,41375,10,636,10.2,MORTGAGE
898,25,82367,10,624,22.1,MORTGAGE
899,53,38972,8,605,16.4,RENT
900,69,111020,11,607,24.2,RENT
901,29,83838,19,779,47.4,MORTGAGE
902,41,72046,10,780,17.3,RENT
903,57,19468,24,634,43.0,OWN
904,23,45090,25,460,26.0,OTHER
905,47,51231,26,737,9.7,OWN
906,39,44787,19,597,22.2,MORTGAGE
907,55,51661,23,573,20.9,RENT
908,31,49664,20,606,29.5,RENT
909,44,68918,20,691,4.0,RENT
910,62,40719,1,619,29.5,RENT
911,59,48269,24,834,35.0,RENT
912,39,91114,10,706,26.0,MORTGAGE
913,27,60737,15,633,10.9,MORTGAGE
914,32,78333,9,711,35.9,MORTGAGE
915,28,66216,12,555,21.1,MORTGAGE
916,63,57105,26,691,26.9,MORTGAGE
917,28,50701,25,683,4.2,MORTGAGE
918,43,30478,9,809,14.6,OWN
919,54,64419,3,788,29.8,RENT
920,65,75170,29,635,6.4,MORTGAGE
921,61,48537,2,750,17.3,MORTGAGE
922,65,65891,5,606,3.1,MORTGAGE
923,67,54298,8,593,27.3,MORTGAGE
924,52,89964,25,568,23.9,OWN
925,53,84842,10,716,8.4,OWN
926,56,82689,17,595,9.6,RENT
927,66,22017,7,707,30.1,RENT
928,45,49833,11,707,33.7,MORTGAGE
929,35,44595,7,850,23.6,RENT
930,64,58452,3,653,12.1,MORTGAGE
931,48,58641,26,680,25.7,MORTGAGE
932,66,31770,20,663,26.8,RENT
933,51,57786,21,849,4.3,MORTGAGE
934,46,166152,16,813,27.1,RENT
935,66,48901,2,801,13.5,MORTGAGE
936,26,64976,3,616,10.7,RENT
937,41,58230,29,683,24.6,MORTGAGE
938,25,38387,1,533,12.5,RENT
939,30,85595,11,644,20.7,OWN
940,59,61833,15,838,23.9,RENT
941,65,19568,25,643,12.3,RENT
942,30,47823,14,527,17.0,MORTGAGE
943,60,67645,19,633,27.1,MORTGAGE
944,27,34285,25,757,11.0,RENT
945,51,63131,22,659,21.4,RENT
946,40,48901,11,782,6.0,MORTGAGE
947,48,46932,21,763,14.2,MORTGAGE
948,22,25577,17,715,24.7,RENT
949,51,31932,11,774,9.9,MORTGAGE
950,34,47741,13,767,19.0,RENT
951,52,62161,4,675,26.2,MORTGAGE
952,35,68923,1,587,38.7,MORTGAGE
953,67,67158,9,763,12.0,RENT
954,41,41561,24,747,26.7,OWN
955,58,34822,22,652,20.9,MORTGAGE
956,68,96999,26,761,21.3,RENT
957,48,121791,21,615,20.7,OTHER
958,48,66293,6,731,16.3,MORTGAGE
959,45,52078,26,666,43.2,OWN
960,56,68827,26,608,1,RENT
961,40,38130,12,586,30.6,OWN
962,63,89180,2,826,45.1,RENT
963,48,26985,27,725,26.1,MORTGAGE
964,48,110940,14,585,34.1,MORTGAGE
965,38,53170,21,609,14.4,MORTGAGE
966,55,62638,26,836,27.8,RENT
967,25,83829,12,583,26.2,RENT
968,28,70769,7,658,20.7,RENT
969,42,33642,5,828,23.3,OWN
970,23,49172,12,712,21.7,OWN
971,68,97968,7,647,25.3,MORTGAGE
972,29,32770,3,603,9.0,RENT
973,35,55111,26,594,13.0,RENT
974,62,34617,10,646,37.2,RENT
975,44,50085,10,662,8.3,OWN
976,55,60758,0,687,16.3,MORTGAGE
977,30,119614,30,707,20.7,OTHER
978,47,30185,16,676,28.7,RENT
979,35,35250,25,688,33.1,MORTGAGE
980,34,33623,13,591,13.2,MORTGAGE
981,60,51668,9,560,28.7,OTHER
982,37,119841,11,609,35.1,RENT
983,42,38589,18,667,32.3,RENT
984,64,16613,25,634,40.8,OWN
985,39,64805,1,779,17.5,RENT
986,58,109202,27,651,44.0,RENT
987,52,64540,2,805,36.9,MORTGAGE
988,25,46605,19,606,9.9,OWN
989,28,136190,4,707,41.9,MORTGAGE
990,22,23140,17,743,40.4,RENT
991,46,99203,25,620,21.2,RENT
992,48,19041,30,683,12.3,OWN
993,36,126095,15,650,36.3,MORTGAGE
994,26,24695,22,573,32.4,RENT
995,70,66760,18,728,2.5,MORTGAGE
996,45,52501,7,480,13.7,MORTGAGE
997,58,77167,30,558,18.6,MORTGAGE
998,44,61792,14,810,19.8,RENT
999,45,53732,8,650,33.8,MORTGAGE
1000,55,38480,15,588,8.2,MORTGAGE
