id,borrower_id,loan_amount,interest_rate,purpose,issue_date,status,risk_segment
1,1,36741,18.44,debt_consolidation,2022-05-14,default,Medium
2,2,28493,9.62,debt_consolidation,2023-04-21,paid,Low
3,3,23059,13.51,debt_consolidation,2022-02-17,paid,Low
4,4,25807,7.08,debt_consolidation,2021-08-23,current,Low
5,5,19965,10.82,other,2024-10-17,paid,Medium
6,6,5679,15.2,education,2020-12-16,current,Low
7,7,4665,9.39,debt_consolidation,2020-03-06,current,Low
8,8,26928,9.56,other,2023-08-09,paid,Medium
9,9,27175,17.29,home_improvement,2020-10-10,current,Low
10,10,5163,6.91,home_improvement,2023-05-05,current,Low
11,11,18486,10.21,car,2021-11-27,default,Medium
12,12,12708,9.8,small_business,2020-08-05,current,Medium
13,13,35757,17.56,other,2023-05-11,paid,Medium
14,14,6161,14.96,debt_consolidation,2022-09-22,current,Low
15,15,35581,4,other,2022-05-16,current,Low
16,16,25472,8.07,medical,2022-11-25,current,Low
17,17,4858,10.23,debt_consolidation,2020-03-05,current,Low
18,18,38423,14.08,small_business,2021-05-12,current,Low
19,19,4550,13.76,major_purchase,2023-08-16,paid,Low
20,20,28648,14.6,debt_consolidation,2022-08-05,paid,Medium
21,21,1967,15.35,other,2024-03-23,current,Low
22,22,26586,10.62,debt_consolidation,2024-05-24,current,Low
23,23,15267,8.07,other,2023-04-01,current,Low
24,24,4727,13.3,other,2020-06-13,current,Low
25,25,38940,17.42,education,2023-06-22,paid,Low
26,26,26938,18.09,debt_consolidation,2023-08-14,paid,Medium
27,27,5801,15.73,small_business,2022-11-02,paid,Low
28,28,20825,13.71,education,2024-07-10,current,Low
29,29,8014,16.97,major_purchase,2020-11-14,paid,Low
30,30,4329,9.66,debt_consolidation,2022-05-17,current,Medium
31,31,29028,11.7,small_business,2020-08-17,paid,Low
32,32,9352,7.44,debt_consolidation,2022-01-16,current,Low
33,33,37692,14.94,other,2022-04-12,current,Low
34,34,2624,10.91,debt_consolidation,2021-11-11,current,Medium
35,35,3537,19.0,other,2021-03-31,paid,Medium
36,36,19258,17.79,other,2024-05-02,paid,Low
37,37,18118,12.83,debt_consolidation,2021-06-27,default,Medium
38,38,38787,16.48,debt_consolidation,2020-03-31,current,Low
39,39,24869,5.54,medical,2023-09-22,current,Low
40,40,22376,9.2,home_improvement,2021-08-28,current,Medium
41,41,27612,9.53,small_business,2020-01-01,paid,Low
42,42,34500,15.88,medical,2024-06-18,current,Low
43,43,16392,10.79,major_purchase,2021-04-05,current,Low
44,44,38727,10.74,debt_consolidation,2023-11-27,current,Low
45,45,28862,7.04,debt_consolidation,2024-07-04,current,Medium
46,46,37629,13.94,education,2024-03-26,current,Low
47,47,32108,7.59,medical,2024-03-19,paid,Medium
48,48,19725,9.71,debt_consolidation,2021-11-18,paid,Low
49,49,27712,6.12,home_improvement,2022-08-12,current,Low
50,50,38728,11.74,home_improvement,2020-01-13,current,Low
51,51,15453,10.45,medical,2021-07-12,current,Low
52,52,36004,4.44,debt_consolidation,2022-03-17,current,Low
53,53,22453,10.12,debt_consolidation,2021-10-31,paid,Medium
54,54,36351,13.65,debt_consolidation,2021-12-17,paid,Low
55,55,10986,12.58,debt_consolidation,2022-08-27,current,Low
56,56,8506,9.59,car,2020-12-01,current,Medium
57,57,13997,4,debt_consolidation,2023-11-15,current,Low
58,58,3691,10.8,home_improvement,2022-05-27,current,Low
59,59,31129,10.3,major_purchase,2022-06-10,paid,Low
60,60,39828,7.58,debt_consolidation,2024-10-10,paid,Medium
61,61,23046,6.8,debt_consolidation,2024-10-08,paid,Low
62,62,37424,17.29,debt_consolidation,2021-01-26,paid,Low
63,63,2130,6.63,debt_consolidation,2021-03-29,current,Low
64,64,37070,10.79,home_improvement,2023-12-10,current,Low
65,65,13133,18.04,debt_consolidation,2024-02-21,current,Low
66,66,15908,13.8,home_improvement,2021-09-11,default,Medium
67,67,33170,21.27,debt_consolidation,2020-01-26,current,Low
68,68,5282,19.96,home_improvement,2020-05-31,current,Medium
69,69,37573,11.47,car,2023-05-26,current,Medium
70,70,29103,10.17,home_improvement,2023-06-25,default,Medium
71,71,16719,9.78,debt_consolidation,2020-06-02,paid,Low
72,72,30755,12.67,debt_consolidation,2021-04-23,current,High
73,73,18408,14.27,car,2020-05-26,default,Low
74,74,20928,9.96,major_purchase,2021-07-11,current,Medium
75,75,16002,6.58,other,2024-09-08,current,Medium
76,76,12481,7.28,medical,2023-08-27,paid,Medium
77,77,27761,4,home_improvement,2023-10-04,default,Medium
78,78,3404,8.55,medical,2021-10-06,paid,Low
79,79,31276,11.83,home_improvement,2021-01-19,current,Low
80,80,19876,13.0,medical,2023-12-01,current,Medium
81,81,27738,8.66,debt_consolidation,2024-09-19,current,Low
82,82,18919,12.06,home_improvement,2022-09-15,current,Low
83,83,5575,9.75,debt_consolidation,2024-06-05,current,Medium
84,84,33089,15.3,other,2022-07-03,current,Medium
85,85,16650,12.98,small_business,2021-04-23,current,Low
86,86,10968,9.97,medical,2020-03-16,default,Medium
87,87,10447,17.15,home_improvement,2023-09-02,current,Low
88,88,22532,9.18,other,2024-10-25,current,Low
89,89,16385,12.38,education,2021-08-11,current,Low
90,90,20625,5.95,other,2020-04-04,paid,Low
91,91,12800,16.12,debt_consolidation,2020-06-10,current,Low
92,92,17733,15.48,major_purchase,2024-07-05,paid,Medium
93,93,28807,8.0,major_purchase,2022-07-24,current,High
94,94,20348,17.19,debt_consolidation,2024-08-26,current,Low
95,95,19756,10.55,car,2021-04-16,paid,High
96,96,9963,6.26,education,2023-07-09,current,Low
97,97,28230,10.27,debt_consolidation,2020-09-27,current,Medium
98,98,32578,9.3,other,2021-08-27,current,Low
99,99,27044,20.06,other,2024-07-05,current,Medium
100,100,18181,14.69,education,2024-08-11,current,Low
101,101,15507,5.46,education,2023-07-25,current,Low
102,102,33284,19.44,debt_consolidation,2021-04-25,current,Low
103,103,11126,7.29,other,2023-09-03,paid,Low
104,104,16473,12.79,other,2020-07-22,current,Medium
105,105,30800,13.19,debt_consolidation,2021-03-10,current,Medium
106,106,5496,14.07,car,2023-02-09,paid,Medium
107,107,10482,6.77,other,2023-01-11,paid,Low
108,108,22218,12.66,debt_consolidation,2021-06-27,default,Low
109,109,8146,13.03,medical,2021-03-29,current,Low
110,110,4986,11.41,other,2024-10-01,current,Low
111,111,5304,12.73,debt_consolidation,2023-07-02,current,Medium
112,112,8498,16.56,other,2023-08-26,current,Low
113,113,27131,9.33,home_improvement,2020-07-13,paid,Medium
114,114,6594,7.82,debt_consolidation,2020-07-16,current,Low
115,115,27922,10.62,home_improvement,2023-09-24,current,Medium
116,116,14942,9.8,debt_consolidation,2022-09-14,paid,Medium
117,117,37763,6.79,other,2024-08-03,current,Low
118,118,21249,9.23,other,2021-12-19,default,Medium
119,119,35765,16.41,debt_consolidation,2022-05-09,current,Low
120,120,4261,7.29,major_purchase,2021-07-11,current,Low
121,121,8267,16.68,debt_consolidation,2023-10-21,current,Medium
122,122,14843,11.87,car,2024-04-14,paid,Medium
123,123,33785,15.49,small_business,2023-09-30,current,Low
124,124,38732,13.06,medical,2022-04-08,current,Medium
125,125,24714,20.57,debt_consolidation,2024-09-25,default,Medium
126,126,12018,7.19,debt_consolidation,2023-07-20,default,Medium
127,127,16484,4.68,debt_consolidation,2021-06-08,paid,Medium
128,128,37944,18.18,major_purchase,2022-07-08,current,Medium
129,129,5475,7.77,medical,2023-07-17,paid,Low
130,130,19813,16.07,debt_consolidation,2024-11-04,current,Low
131,131,3688,7.2,medical,2024-07-16,current,Low
132,132,23507,10.85,other,2020-06-21,current,Medium
133,133,19539,11.17,home_improvement,2024-05-05,paid,Low
134,134,19621,12.72,debt_consolidation,2024-10-10,current,Medium
135,135,26687,10.9,debt_consolidation,2023-12-22,current,Low
136,136,35497,6.51,debt_consolidation,2023-10-05,paid,Medium
137,137,10015,17.72,debt_consolidation,2021-08-28,current,Low
138,138,9588,11.26,education,2020-11-11,paid,Low
139,139,16566,10.82,other,2023-06-04,paid,Low
140,140,13715,18.77,home_improvement,2023-03-14,current,Low
141,141,10070,10.21,other,2020-04-16,current,Low
142,142,11506,5.57,debt_consolidation,2022-11-17,paid,Low
143,143,26982,5.88,small_business,2021-04-27,paid,High
144,144,10017,7.09,debt_consolidation,2024-08-26,current,Low
145,145,15133,6.24,car,2023-01-28,current,Low
146,146,30957,14.03,debt_consolidation,2024-09-09,current,Medium
147,147,24122,14.22,debt_consolidation,2022-05-03,paid,Medium
148,148,34267,10.55,small_business,2022-03-10,current,Medium
149,149,16802,8.24,major_purchase,2023-07-10,paid,Low
150,150,31449,14.91,other,2022-09-07,current,Medium
151,151,3746,12.62,home_improvement,2021-09-27,current,Low
152,152,4132,9.4,other,2021-11-10,paid,Low
153,153,13243,15.7,medical,2022-10-15,current,Low
154,154,12826,13.94,small_business,2021-10-19,paid,Low
155,155,30303,9.63,debt_consolidation,2024-11-16,current,Medium
156,156,11484,14.59,other,2020-10-19,current,Medium
157,157,38174,17.74,debt_consolidation,2020-11-10,current,Medium
158,158,19264,9.8,debt_consolidation,2020-08-20,default,Low
159,159,15062,16.66,other,2021-08-07,current,Medium
160,160,6753,14.54,car,2024-09-27,current,Low
161,161,12409,15.27,car,2022-11-07,paid,Low
162,162,37152,12.84,debt_consolidation,2024-12-15,paid,Low
163,163,5833,10.9,debt_consolidation,2021-10-11,current,Medium
164,164,12925,7.17,car,2020-09-21,paid,High
165,165,15776,13.97,home_improvement,2022-11-28,current,Low
166,166,7122,17.54,small_business,2020-12-11,current,Low
167,167,3699,9.9,car,2020-02-28,default,Medium
168,168,2984,17.05,medical,2023-07-08,current,Low
169,169,11359,14.45,medical,2022-09-18,current,Low
170,170,27130,22.79,debt_consolidation,2022-01-28,current,Low
171,171,26175,12.69,other,2022-05-06,paid,Low
172,172,34733,9.45,medical,2024-12-05,paid,Low
173,173,4312,11.42,debt_consolidation,2023-05-08,current,Low
174,174,24971,8.52,car,2022-01-19,default,Medium
175,175,37035,15.84,debt_consolidation,2023-06-30,current,Low
176,176,10454,8.5,debt_consolidation,2022-11-08,current,Low
177,177,34784,7.43,debt_consolidation,2023-06-09,paid,Low
178,178,33102,9.36,major_purchase,2021-09-05,current,Low
179,179,2746,8.42,education,2021-06-27,current,Low
180,180,25916,6.79,debt_consolidation,2023-10-26,paid,Low
181,181,14362,13.51,home_improvement,2024-05-06,current,Medium
182,182,32350,7.35,small_business,2021-10-04,current,Medium
183,183,18325,4.81,education,2021-01-28,current,Medium
184,184,33047,5.81,home_improvement,2021-12-15,current,Medium
185,185,26856,9.77,car,2024-05-02,current,Low
186,186,32396,15.55,debt_consolidation,2024-08-22,current,Low
187,187,35802,8.47,debt_consolidation,2021-04-21,default,Low
188,188,11350,11.6,home_improvement,2024-12-08,current,Medium
189,189,6862,17.2,education,2021-04-20,current,Low
190,190,3381,15.76,other,2022-03-24,current,Low
191,191,8032,11.62,other,2021-11-17,paid,Low
192,192,8382,8.38,home_improvement,2024-02-06,current,Low
193,193,12501,6.99,education,2023-08-01,current,Low
194,194,22207,9.77,other,2020-01-14,paid,Low
195,195,24563,18.07,major_purchase,2020-05-07,current,Low
196,196,8694,8.11,education,2021-08-27,default,High
197,197,36994,15.35,other,2024-03-31,current,Low
198,198,30278,4,small_business,2022-01-10,default,Medium
199,199,35101,16.74,medical,2023-10-25,paid,Medium
200,200,30936,7.9,small_business,2023-02-18,paid,Medium
201,201,3968,5.95,medical,2023-12-05,paid,Low
202,202,28548,12.81,home_improvement,2024-12-30,current,Low
203,203,23791,6.63,debt_consolidation,2023-01-05,current,Low
204,204,36680,4,medical,2022-02-15,current,Low
205,205,28475,9.54,education,2024-12-14,current,Medium
206,206,17038,13.97,major_purchase,2022-04-03,current,Low
207,207,38755,21.79,home_improvement,2023-05-09,current,High
208,208,19032,11.56,debt_consolidation,2023-04-26,current,Medium
209,209,25979,12.29,car,2021-10-14,current,Low
210,210,10460,11.3,car,2020-04-28,current,Low
211,211,30477,14.69,car,2020-07-08,current,Low
212,212,39507,11.3,major_purchase,2023-02-18,paid,Low
213,213,32386,14.52,other,2023-11-25,current,Low
214,214,24544,8.13,home_improvement,2022-01-06,current,Low
215,215,21507,8.49,home_improvement,2023-02-26,current,Medium
216,216,22618,10.02,debt_consolidation,2023-03-12,current,Low
217,217,33151,19.42,medical,2024-02-09,current,Medium
218,218,4849,9.51,small_business,2024-09-14,current,Low
219,219,10897,16.02,debt_consolidation,2022-11-01,current,Low
220,220,35879,8.94,small_business,2020-01-25,default,Low
221,221,12748,11.91,debt_consolidation,2020-07-16,current,Low
222,222,27609,16.0,medical,2021-05-13,current,Low
223,223,7127,5.5,home_improvement,2022-02-11,current,Low
224,224,38083,12.0,other,2020-07-14,current,Low
225,225,5872,9.05,major_purchase,2021-07-28,current,Medium
226,226,27102,12.27,other,2021-09-04,default,Medium
227,227,10171,9.83,car,2023-11-12,current,Low
228,228,26998,14.94,other,2021-10-30,default,Medium
229,229,39395,19.49,major_purchase,2020-06-24,current,Low
230,230,11110,15.89,major_purchase,2021-10-10,paid,Medium
231,231,29244,10.15,medical,2023-02-10,current,Low
232,232,1808,7.99,debt_consolidation,2022-03-05,current,Low
233,233,18623,11.2,home_improvement,2022-10-06,paid,Low
234,234,33492,8.29,education,2021-02-04,current,Low
235,235,29850,8.72,home_improvement,2024-07-28,current,Low
236,236,12641,8.28,other,2021-10-15,paid,Low
237,237,24921,14.88,debt_consolidation,2023-02-28,paid,Low
238,238,14739,13.09,medical,2021-08-19,current,Medium
239,239,17559,10.06,education,2024-01-04,current,Low
240,240,28413,9.56,small_business,2024-06-07,current,Low
241,241,24265,11.01,debt_consolidation,2023-06-08,default,Medium
242,242,7462,18.22,debt_consolidation,2022-11-11,current,Low
243,243,33798,15.17,debt_consolidation,2020-02-20,current,Medium
244,244,23483,6.35,medical,2021-02-27,current,Medium
245,245,8542,12.44,debt_consolidation,2021-12-03,current,Low
246,246,28942,11.49,other,2021-04-19,current,Low
247,247,30463,15.99,education,2022-03-07,default,Low
248,248,24972,8.65,home_improvement,2022-07-26,paid,Low
249,249,8486,15.66,home_improvement,2024-09-27,current,Low
250,250,21524,9.39,debt_consolidation,2021-09-17,paid,Low
251,251,32894,9.02,education,2023-11-21,current,Low
252,252,4513,14.5,other,2020-01-20,current,Low
253,253,30088,8.63,medical,2020-06-18,current,Low
254,254,38070,15.26,major_purchase,2024-04-17,current,Low
255,255,3726,8.57,car,2022-06-22,current,Medium
256,256,30473,8.64,debt_consolidation,2024-10-31,current,Low
257,257,29060,18.34,debt_consolidation,2020-10-12,current,Medium
258,258,20178,10.91,debt_consolidation,2021-07-01,current,Low
259,259,4885,17.01,other,2024-11-10,paid,High
260,260,26736,14.71,medical,2023-03-28,current,Low
261,261,19233,5.42,major_purchase,2024-12-01,paid,Medium
262,262,24476,17.91,other,2024-06-17,current,Medium
263,263,38875,19.46,debt_consolidation,2024-10-11,current,Low
264,264,9142,16.1,other,2020-11-19,paid,Medium
265,265,18958,7.54,debt_consolidation,2022-01-08,paid,Low
266,266,16344,14.07,medical,2020-07-05,current,Medium
267,267,23516,17.97,car,2024-10-27,current,Low
268,268,20611,10.15,debt_consolidation,2024-05-03,current,Low
269,269,11755,14.15,medical,2024-01-19,paid,Low
270,270,10175,12.99,major_purchase,2023-04-22,current,Low
271,271,19672,17.75,car,2023-11-15,default,Medium
272,272,4576,10.39,car,2024-06-13,current,Low
273,273,24664,9.27,other,2020-09-27,current,Low
274,274,5783,15.99,debt_consolidation,2020-05-18,default,Low
275,275,28225,11.77,medical,2022-04-03,paid,Low
276,276,11182,16.45,small_business,2022-03-11,current,Medium
277,277,16639,15.99,debt_consolidation,2020-06-25,current,Low
278,278,1830,6.94,major_purchase,2023-12-07,default,Low
279,279,18613,15.85,major_purchase,2020-08-29,current,Medium
280,280,6050,14.47,medical,2022-11-12,current,Low
281,281,8558,13.86,debt_consolidation,2022-11-08,default,Medium
282,282,3317,18.79,small_business,2024-01-02,current,Low
283,283,8825,18.77,small_business,2020-04-17,paid,Low
284,284,21361,13.88,home_improvement,2023-02-06,current,Low
285,285,33332,9.02,other,2024-05-08,paid,Medium
286,286,23703,12.16,education,2023-11-21,current,Low
287,287,35721,6.76,other,2022-05-09,current,Medium
288,288,35062,16.98,home_improvement,2022-02-01,paid,Medium
289,289,5081,8.96,medical,2020-09-24,paid,Low
290,290,18822,5.79,debt_consolidation,2021-02-19,paid,Low
291,291,24480,13.08,other,2021-03-01,current,Low
292,292,3643,8.81,debt_consolidation,2024-10-20,paid,Medium
293,293,12394,11.49,debt_consolidation,2022-04-08,current,Low
294,294,5041,16.25,car,2021-03-31,default,High
295,295,5914,14.68,debt_consolidation,2020-05-12,paid,Medium
296,296,38610,18.65,medical,2024-01-23,paid,Medium
297,297,10740,14.51,debt_consolidation,2023-06-22,current,Low
298,298,28474,12.23,debt_consolidation,2024-12-16,current,Low
299,299,36685,11.54,car,2021-12-05,current,Medium
300,300,19411,14.55,debt_consolidation,2022-08-24,current,Low
301,301,4664,14.97,car,2021-03-25,current,Low
302,302,24513,16.79,other,2020-02-27,current,Low
303,303,33258,9.57,small_business,2020-12-25,current,Medium
304,304,14203,11.98,car,2021-11-28,current,Low
305,305,8269,12.73,car,2024-10-28,current,Low
306,306,11322,10.14,major_purchase,2022-06-13,current,Low
307,307,24384,10.8,debt_consolidation,2023-04-21,current,Low
308,308,38541,12.22,home_improvement,2024-04-27,current,Medium
309,309,10217,17.08,home_improvement,2020-06-08,paid,Low
310,310,23003,6.64,medical,2021-06-27,paid,Low
311,311,28502,10.77,other,2024-12-16,paid,Medium
312,312,15783,5.79,debt_consolidation,2020-05-30,current,Low
313,313,5915,13.1,small_business,2020-07-09,paid,Low
314,314,29455,14.44,debt_consolidation,2020-07-26,paid,Low
315,315,20490,9.75,debt_consolidation,2020-04-11,current,Low
316,316,32478,12.04,debt_consolidation,2020-02-22,paid,Medium
317,317,18367,15.76,debt_consolidation,2023-01-19,paid,Medium
318,318,18600,13.19,small_business,2020-11-05,current,Medium
319,319,4996,15.46,car,2024-08-03,current,Low
320,320,26873,10.71,other,2024-01-02,default,Low
321,321,30428,11.76,debt_consolidation,2020-12-08,current,Medium
322,322,10691,11.69,car,2021-06-12,paid,Medium
323,323,35058,10.24,medical,2024-11-23,default,Low
324,324,39186,13.48,major_purchase,2020-07-24,current,Medium
325,325,32823,6.39,small_business,2022-08-26,default,Medium
326,326,22724,10.94,major_purchase,2020-04-10,current,Low
327,327,33218,8.9,other,2023-11-03,paid,Low
328,328,6851,8.52,debt_consolidation,2021-03-08,current,Low
329,329,21389,7.66,major_purchase,2022-04-06,default,Medium
330,330,17350,19.08,debt_consolidation,2020-04-13,current,Low
331,331,3002,11.82,debt_consolidation,2022-09-28,current,Low
332,332,6923,13.94,debt_consolidation,2022-03-02,default,Low
333,333,27837,7.19,small_business,2024-11-05,current,Low
334,334,17540,7.67,education,2021-09-17,current,Low
335,335,20801,8.44,major_purchase,2024-08-15,current,Medium
336,336,8084,9.98,medical,2021-11-19,current,Low
337,337,10825,4,small_business,2021-05-07,current,Medium
338,338,33595,6.89,other,2021-06-15,current,Low
339,339,15572,11.76,major_purchase,2023-07-31,current,High
340,340,12870,5.67,debt_consolidation,2022-08-22,paid,Low
341,341,15565,9.19,home_improvement,2024-03-04,current,Medium
342,342,4517,9.71,other,2023-04-10,current,Medium
343,343,28073,16.13,debt_consolidation,2024-10-15,default,Medium
344,344,6296,18.24,medical,2023-07-16,current,Low
345,345,11383,18.67,medical,2024-04-12,current,Medium
346,346,35981,13.97,debt_consolidation,2022-02-03,current,Low
347,347,15828,12.04,major_purchase,2021-12-06,paid,Low
348,348,30879,12.49,major_purchase,2023-05-06,current,Low
349,349,11805,11.89,other,2024-07-20,paid,High
350,350,25024,6.69,major_purchase,2024-06-10,default,Low
351,351,2293,15.89,debt_consolidation,2020-08-25,paid,Medium
352,352,20733,17.06,medical,2020-07-25,current,Medium
353,353,8715,10.35,debt_consolidation,2024-05-26,default,Medium
354,354,11510,11.37,debt_consolidation,2022-10-13,current,Medium
355,355,38627,12.14,major_purchase,2020-11-01,current,Medium
356,356,20400,8.76,debt_consolidation,2020-04-12,default,Medium
357,357,7225,8.72,other,2024-12-28,default,Low
358,358,7091,15.35,home_improvement,2021-12-02,paid,Low
359,359,11930,7.76,debt_consolidation,2023-11-26,current,Medium
360,360,29715,9.57,debt_consolidation,2022-02-16,current,Low
361,361,8401,11.65,other,2022-06-21,default,Medium
362,362,15679,10.98,other,2023-10-03,current,Low
363,363,26223,14.64,debt_consolidation,2024-08-19,current,Medium
364,364,11839,11.84,debt_consolidation,2022-10-03,paid,Low
365,365,6166,10.78,medical,2024-06-28,current,Low
366,366,27439,11.2,home_improvement,2023-02-15,current,Low
367,367,30898,5.61,other,2022-01-14,current,Low
368,368,24808,6.62,major_purchase,2020-08-21,paid,Low
369,369,7967,11.26,debt_consolidation,2020-12-02,current,Medium
370,370,26748,14.64,debt_consolidation,2024-08-15,current,Low
371,371,30524,8.61,medical,2023-04-21,current,Medium
372,372,32649,14.81,other,2024-05-18,current,Medium
373,373,22092,15.55,small_business,2022-02-26,paid,Medium
374,374,9740,14.19,debt_consolidation,2023-05-18,current,Medium
375,375,15243,7.16,debt_consolidation,2023-07-02,current,Medium
376,376,22127,4,major_purchase,2024-04-07,paid,Low
377,377,19738,15.29,other,2022-05-15,current,Medium
378,378,11547,9.66,other,2023-10-31,paid,Low
379,379,7716,10.98,education,2023-10-15,current,Low
380,380,19850,18.98,major_purchase,2020-04-06,current,Low
381,381,14309,11.72,education,2024-05-18,current,Medium
382,382,13875,8.29,car,2021-01-31,paid,Low
383,383,19291,9.99,small_business,2020-09-23,paid,Low
384,384,4332,11.56,car,2023-07-04,current,Low
385,385,15415,17.45,other,2022-12-02,paid,Low
386,386,22750,13.54,home_improvement,2021-08-24,paid,Medium
387,387,30207,11.94,debt_consolidation,2023-08-08,current,Low
388,388,17815,16.84,small_business,2021-08-02,default,Medium
389,389,13616,12.4,home_improvement,2020-06-17,current,Medium
390,390,14970,12.07,other,2022-05-18,current,Low
391,391,11076,6.3,debt_consolidation,2024-01-08,paid,Low
392,392,17950,10.13,home_improvement,2022-07-12,current,Low
393,393,39378,10.76,debt_consolidation,2024-10-03,paid,Low
394,394,29683,13.61,home_improvement,2024-08-10,current,Low
395,395,10442,16.52,debt_consolidation,2024-12-21,current,Medium
396,396,1329,10.32,small_business,2022-03-18,current,Low
397,397,34590,9.91,debt_consolidation,2021-01-11,paid,Low
398,398,36969,4.56,medical,2023-01-30,paid,Low
399,399,16370,7.23,debt_consolidation,2023-06-22,paid,Low
400,400,38149,6.82,home_improvement,2021-10-09,current,Low
401,401,24559,6.44,debt_consolidation,2024-02-10,paid,Low
402,402,6372,12.16,car,2024-10-24,current,Low
403,403,34238,12.73,education,2024-07-22,current,Low
404,404,31939,10.4,education,2020-10-31,current,Low
405,405,24846,15.52,small_business,2023-09-19,paid,Low
406,406,38116,9.8,other,2023-09-12,current,Low
407,407,18324,13.7,home_improvement,2020-03-28,current,Low
408,408,22238,7.92,debt_consolidation,2022-12-03,paid,High
409,409,39514,10.34,education,2024-09-07,paid,Low
410,410,32595,16.11,other,2020-01-14,current,Low
411,411,24738,9.84,education,2024-07-31,paid,Low
412,412,11567,12.53,education,2022-04-21,default,Low
413,413,4664,11.18,debt_consolidation,2021-01-03,current,Low
414,414,6619,7.54,debt_consolidation,2023-05-27,current,High
415,415,12919,7.79,education,2022-11-12,paid,Low
416,416,8115,10.44,debt_consolidation,2022-12-06,current,Low
417,417,3558,14.59,other,2022-12-24,current,Medium
418,418,29278,11.95,small_business,2022-01-28,current,Low
419,419,38756,8.2,debt_consolidation,2020-10-01,paid,Medium
420,420,1358,9.1,major_purchase,2024-06-04,default,Low
421,421,7985,18.94,debt_consolidation,2023-08-27,current,Medium
422,422,14349,4,home_improvement,2024-05-24,current,Low
423,423,27091,11.62,major_purchase,2024-10-17,current,Medium
424,424,23179,11.42,car,2023-06-11,current,Low
425,425,29532,12.06,debt_consolidation,2021-06-22,paid,Medium
426,426,4765,8.81,other,2024-08-06,paid,Low
427,427,34459,9.96,small_business,2021-04-19,current,Medium
428,428,27177,11.74,home_improvement,2022-03-20,paid,Medium
429,429,37642,9.54,other,2021-12-13,paid,Medium
430,430,12471,13.14,home_improvement,2020-08-06,current,Low
431,431,38676,9.8,debt_consolidation,2022-06-25,current,High
432,432,39458,10.93,other,2022-09-14,default,High
433,433,24140,5.16,small_business,2020-01-20,current,Low
434,434,12697,8.34,medical,2021-12-25,paid,Low
435,435,16391,10.9,major_purchase,2024-11-22,paid,Medium
436,436,6143,17.46,major_purchase,2023-09-20,current,Low
437,437,38651,8.85,other,2022-10-02,paid,Low
438,438,28733,9.9,medical,2023-01-12,default,Low
439,439,21686,12.54,major_purchase,2020-01-25,current,Medium
440,440,18655,10.04,medical,2023-06-09,paid,Medium
441,441,30538,8.19,debt_consolidation,2020-09-25,current,Low
442,442,13849,7.2,debt_consolidation,2024-02-21,default,Medium
443,443,21691,11.78,car,2021-09-06,paid,Medium
444,444,7311,14.38,medical,2021-11-16,paid,Low
445,445,14038,15.42,small_business,2023-08-23,current,Low
446,446,6138,7.9,home_improvement,2021-08-09,current,Low
447,447,5675,14.6,debt_consolidation,2021-12-04,paid,Low
448,448,24800,9.49,major_purchase,2022-12-02,current,Low
449,449,6247,6.17,debt_consolidation,2022-03-24,paid,Low
450,450,6455,12.66,debt_consolidation,2023-06-19,paid,Low
451,451,9603,15.27,small_business,2020-12-15,default,Medium
452,452,36949,13.66,medical,2023-11-29,current,Low
453,453,35982,9.02,home_improvement,2021-12-12,current,Medium
454,454,35296,13.22,car,2024-10-02,paid,Low
455,455,29209,10.51,car,2023-05-07,paid,Medium
456,456,26540,13.17,car,2021-03-27,paid,Low
457,457,35861,6.32,car,2022-04-25,paid,Medium
458,458,33243,13.22,debt_consolidation,2020-02-09,paid,Low
459,459,16257,18.29,debt_consolidation,2020-01-31,current,Low
460,460,22643,11.94,debt_consolidation,2024-03-17,current,Medium
461,461,26007,12.49,car,2020-09-06,current,Low
462,462,7157,10.96,small_business,2021-03-02,paid,Medium
463,463,35139,11.15,debt_consolidation,2022-09-12,current,Low
464,464,22267,13.92,debt_consolidation,2024-06-14,paid,Low
465,465,11157,9.01,home_improvement,2020-07-02,paid,Low
466,466,36150,11.01,car,2020-09-14,current,Medium
467,467,2399,18.91,major_purchase,2022-01-03,current,Low
468,468,38139,10.19,debt_consolidation,2021-12-13,paid,Low
469,469,18258,16.16,small_business,2022-07-18,default,Medium
470,470,22017,9.4,major_purchase,2023-09-10,current,Low
471,471,27856,9.7,education,2020-08-14,paid,Low
472,472,13557,12.91,debt_consolidation,2023-03-15,current,Medium
473,473,5644,11.32,debt_consolidation,2021-03-03,current,Low
474,474,28259,13.9,car,2024-06-14,current,Low
475,475,35044,13.46,debt_consolidation,2024-01-25,paid,Low
476,476,37578,7.86,home_improvement,2020-08-04,current,Low
477,477,37042,12.83,home_improvement,2021-11-22,current,Medium
478,478,25361,9.09,home_improvement,2023-07-20,paid,High
479,479,17651,18.64,home_improvement,2022-07-15,paid,Medium
480,480,1430,12.22,home_improvement,2021-03-30,paid,Medium
481,481,38399,4,other,2020-11-12,default,Medium
482,482,20680,10.06,debt_consolidation,2022-03-29,current,Medium
483,483,38763,18.62,car,2020-07-14,current,Medium
484,484,23801,12.64,other,2022-06-08,paid,Medium
485,485,26066,7.55,debt_consolidation,2022-12-09,default,Low
486,486,26747,13.27,other,2024-03-21,current,Medium
487,487,4231,14.9,small_business,2021-06-21,default,Medium
488,488,38442,15.84,debt_consolidation,2023-06-15,current,High
489,489,28104,20.13,medical,2021-12-14,paid,Low
490,490,29980,15.24,education,2022-06-21,default,Medium
491,491,4574,4.18,debt_consolidation,2023-06-25,current,Low
492,492,2490,10.18,home_improvement,2024-02-24,current,Low
493,493,2205,12.69,home_improvement,2023-09-20,current,Low
494,494,1546,11.11,debt_consolidation,2023-09-14,paid,Low
495,495,16149,12.96,other,2022-11-07,current,Medium
496,496,31014,11.49,small_business,2023-12-30,default,Low
497,497,24062,13.45,home_improvement,2021-09-11,paid,Low
498,498,2931,6.16,other,2021-07-27,paid,Low
499,499,15904,7.19,home_improvement,2023-03-19,default,Medium
500,500,36478,11.29,major_purchase,2021-02-18,current,Low
501,501,38017,15.73,other,2021-10-12,paid,Low
502,502,21885,10.1,other,2022-04-27,current,Medium
503,503,7997,10.7,debt_consolidation,2020-02-23,current,Medium
504,504,24544,14.89,debt_consolidation,2024-05-16,paid,Medium
505,505,10012,17.57,debt_consolidation,2021-04-08,default,Medium
506,506,14406,17.88,debt_consolidation,2022-06-18,current,Low
507,507,25928,15.04,major_purchase,2022-03-18,current,Low
508,508,30596,7.05,medical,2024-12-02,default,Medium
509,509,4230,12.97,debt_consolidation,2022-06-19,current,Low
510,510,34880,14.58,other,2022-08-07,current,Low
511,511,9867,4,home_improvement,2021-10-24,paid,Medium
512,512,11747,10.83,major_purchase,2020-09-10,paid,Low
513,513,11479,5.79,home_improvement,2022-02-18,default,Low
514,514,4362,10.19,home_improvement,2021-09-25,current,Low
515,515,17587,5.95,debt_consolidation,2022-10-16,current,Medium
516,516,27879,17.32,medical,2023-05-16,current,Low
517,517,10716,9.36,debt_consolidation,2021-12-15,default,Low
518,518,28325,20.59,other,2020-11-26,current,Low
519,519,38943,9.57,home_improvement,2020-03-14,default,Medium
520,520,31855,4.31,debt_consolidation,2023-11-23,current,Medium
521,521,35665,13.34,other,2022-09-17,current,Medium
522,522,38692,15.43,other,2021-12-25,current,Medium
523,523,16251,12.1,major_purchase,2021-01-31,default,Low
524,524,28134,6.15,debt_consolidation,2021-12-17,current,Low
525,525,34206,18.93,small_business,2024-04-19,default,Low
526,526,22660,11.35,car,2023-10-09,paid,Medium
527,527,22961,15.68,medical,2024-07-25,paid,Medium
528,528,14648,8.56,small_business,2021-11-10,current,Low
529,529,36014,8.94,car,2023-03-15,current,Low
530,530,18792,19.38,home_improvement,2022-10-14,current,Low
531,531,3450,11.61,car,2020-07-08,paid,Medium
532,532,35316,20.44,home_improvement,2021-11-01,paid,Low
533,533,31105,10.09,home_improvement,2024-11-06,current,Low
534,534,7756,9.4,small_business,2023-09-11,current,Low
535,535,21915,14.36,car,2023-10-06,paid,Low
536,536,37003,11.32,home_improvement,2020-10-16,current,Low
537,537,4324,19.82,debt_consolidation,2022-08-22,current,Low
538,538,30218,15.92,education,2021-10-01,paid,Low
539,539,38210,16.29,debt_consolidation,2024-07-22,current,Medium
540,540,15666,6.62,debt_consolidation,2023-06-17,paid,Low
541,541,32949,18.95,debt_consolidation,2022-08-31,paid,Low
542,542,8011,10.73,home_improvement,2023-08-23,default,Medium
543,543,32612,14.98,home_improvement,2021-11-28,paid,Medium
544,544,6104,7.12,major_purchase,2023-12-28,current,Medium
545,545,27594,9.48,debt_consolidation,2020-08-10,current,Medium
546,546,10104,10.87,other,2024-03-26,current,Medium
547,547,13823,11.22,debt_consolidation,2024-12-01,paid,Low
548,548,39189,4,debt_consolidation,2022-11-11,paid,Medium
549,549,24543,11.97,debt_consolidation,2021-07-31,current,Low
550,550,36724,15.58,debt_consolidation,2020-12-21,current,Low
551,551,9227,10.04,debt_consolidation,2020-05-26,current,Low
552,552,28253,11.66,other,2024-06-03,current,Low
553,553,15794,15.4,debt_consolidation,2023-05-23,default,Low
554,554,3192,21.07,other,2023-03-09,current,Medium
555,555,19312,15.12,medical,2020-06-09,current,Medium
556,556,36336,6.91,car,2021-10-01,current,Low
557,557,22726,14.48,medical,2024-06-22,paid,Low
558,558,32009,18.61,small_business,2023-03-19,default,Low
559,559,19209,13.62,debt_consolidation,2023-06-15,paid,Low
560,560,30271,16.76,home_improvement,2020-12-25,paid,Low
561,561,10507,9.21,education,2024-08-09,default,Medium
562,562,14818,16.3,small_business,2024-09-20,paid,Medium
563,563,35899,15.51,debt_consolidation,2023-10-31,current,Medium
564,564,21688,12.68,other,2023-10-30,current,High
565,565,18716,8.28,debt_consolidation,2020-07-20,paid,Low
566,566,35075,17.96,home_improvement,2023-11-14,current,Medium
567,567,30225,12.14,home_improvement,2024-01-25,paid,Low
568,568,8981,9.8,major_purchase,2020-09-02,default,Medium
569,569,13075,7.78,debt_consolidation,2022-08-14,current,Low
570,570,17864,6.45,debt_consolidation,2020-05-31,paid,Low
571,571,33225,11.14,other,2021-02-14,current,Low
572,572,29939,9.21,major_purchase,2020-07-30,default,Low
573,573,1056,12.55,other,2023-09-23,current,Low
574,574,32335,12.15,medical,2024-09-24,current,Medium
575,575,8943,16.06,small_business,2022-01-05,paid,Low
576,576,6272,14.67,car,2024-04-06,current,Medium
577,577,7997,9.15,education,2022-01-05,current,Low
578,578,16629,12.2,medical,2020-05-09,current,Low
579,579,23132,11.85,car,2020-03-28,paid,Medium
580,580,38968,9.03,debt_consolidation,2020-05-27,default,Medium
581,581,12288,13.76,education,2021-09-21,current,Low
582,582,39992,14.89,car,2021-03-27,paid,Low
583,583,38746,8.81,small_business,2021-10-20,current,Low
584,584,28207,13.74,debt_consolidation,2022-01-27,current,Low
585,585,11338,16.56,debt_consolidation,2022-09-24,default,High
586,586,32195,10.18,major_purchase,2021-02-26,paid,Low
587,587,33760,11.29,education,2020-06-29,current,Low
588,588,7270,13.99,education,2024-11-01,current,Low
589,589,10779,9.29,major_purchase,2022-08-29,current,Low
590,590,30697,14.07,debt_consolidation,2024-02-25,default,Low
591,591,30151,11.86,education,2021-10-29,current,Low
592,592,14104,13.61,home_improvement,2021-03-27,paid,Low
593,593,25476,17.36,debt_consolidation,2024-01-14,paid,Medium
594,594,8281,13.04,other,2022-07-28,paid,Medium
595,595,12136,17.93,small_business,2023-02-06,current,Medium
596,596,29056,7.85,major_purchase,2021-05-20,paid,Low
597,597,28379,9.07,other,2020-03-23,current,High
598,598,7422,16.49,medical,2021-05-07,paid,Low
599,599,6946,14.48,debt_consolidation,2023-10-02,paid,Low
600,600,27565,12.67,debt_consolidation,2024-11-19,paid,Medium
601,601,3143,15.64,debt_consolidation,2024-03-21,default,High
602,602,4592,10.4,small_business,2023-10-13,current,Low
603,603,5391,12.97,small_business,2024-05-03,paid,Low
604,604,14749,13.28,major_purchase,2024-04-07,paid,Low
605,605,32865,13.43,small_business,2024-08-25,default,Medium
606,606,5300,13.14,debt_consolidation,2024-12-15,current,Low
607,607,33527,14.04,debt_consolidation,2021-02-22,current,Low
608,608,2407,10.11,debt_consolidation,2020-05-08,default,Medium
609,609,22384,16.51,medical,2023-09-25,current,Low
610,610,18039,17.21,debt_consolidation,2022-01-31,current,Medium
611,611,36082,12.66,debt_consolidation,2020-12-25,current,Low
612,612,9288,13.16,medical,2022-01-27,paid,Medium
613,613,35972,15.5,home_improvement,2020-02-21,paid,Medium
614,614,34253,20.81,home_improvement,2023-12-15,paid,Medium
615,615,29973,5.78,home_improvement,2020-08-18,current,Low
616,616,30227,15.79,home_improvement,2021-10-30,default,Low
617,617,6726,13.58,other,2022-03-18,paid,Medium
618,618,29025,9.94,home_improvement,2022-02-02,default,Medium
619,619,28237,15.38,car,2021-08-14,default,Medium
620,620,14617,16.09,home_improvement,2024-11-11,current,Medium
621,621,18912,12.32,home_improvement,2023-02-12,paid,Medium
622,622,20791,9.13,car,2021-09-14,current,Medium
623,623,31968,14.78,debt_consolidation,2023-09-25,current,Low
624,624,5372,14.02,education,2022-01-10,current,Medium
625,625,34588,12.92,major_purchase,2020-02-05,current,Medium
626,626,18869,10.51,home_improvement,2023-07-27,current,Low
627,627,13009,10.13,car,2023-05-11,current,Medium
628,628,24758,8.97,debt_consolidation,2023-04-02,paid,Medium
629,629,11684,7.95,debt_consolidation,2020-11-12,current,Low
630,630,37117,4,major_purchase,2024-07-01,paid,Low
631,631,24761,9.88,debt_consolidation,2022-06-24,current,Medium
632,632,15572,11.06,debt_consolidation,2023-11-22,default,Medium
633,633,2232,15.09,car,2024-03-31,current,Low
634,634,3836,9.51,debt_consolidation,2023-09-29,default,Low
635,635,2917,10.6,debt_consolidation,2024-09-28,current,Low
636,636,34089,6.5,small_business,2020-07-21,current,Medium
637,637,1283,11.45,other,2020-07-21,current,Low
638,638,8033,9.58,debt_consolidation,2021-12-27,current,Low
639,639,35060,8.53,debt_consolidation,2024-04-10,paid,Medium
640,640,21447,12.16,major_purchase,2024-09-18,current,Low
641,641,32173,13.41,other,2022-01-22,default,Medium
642,642,10395,14.23,home_improvement,2023-11-24,current,Low
643,643,27495,14.01,debt_consolidation,2024-09-12,current,Low
644,644,27229,8.27,home_improvement,2023-09-27,current,Medium
645,645,33589,10.1,debt_consolidation,2020-10-02,default,Medium
646,646,22427,12.42,debt_consolidation,2023-06-27,current,Medium
647,647,33129,9.41,small_business,2023-01-15,paid,Low
648,648,26141,12.84,medical,2024-10-12,current,Low
649,649,33209,9.39,medical,2021-10-01,current,Medium
650,650,32189,6.86,small_business,2020-11-16,current,Low
651,651,5025,5.89,debt_consolidation,2020-04-02,paid,Low
652,652,29059,6.42,home_improvement,2022-01-01,paid,Medium
653,653,20982,13.56,debt_consolidation,2020-12-13,default,Low
654,654,31782,8.43,education,2021-10-10,current,Low
655,655,33949,15.53,car,2023-09-28,paid,Medium
656,656,36116,12.15,debt_consolidation,2021-06-27,default,Low
657,657,7208,10.24,education,2021-07-13,paid,Low
658,658,20654,6.43,medical,2023-01-10,paid,Low
659,659,34831,7.56,other,2023-03-27,current,Low
660,660,29424,17.67,other,2024-01-28,current,Medium
661,661,29533,16.93,home_improvement,2024-10-27,current,Medium
662,662,16475,6.84,home_improvement,2020-08-20,paid,Low
663,663,3425,13.13,debt_consolidation,2021-07-12,paid,Low
664,664,32840,19.0,car,2020-04-23,current,Medium
665,665,6918,9.61,home_improvement,2024-09-15,current,Low
666,666,35423,10.01,debt_consolidation,2024-12-16,default,Medium
667,667,16462,6.32,other,2021-03-22,default,High
668,668,25556,17.34,major_purchase,2020-08-19,paid,Low
669,669,25100,5.54,car,2020-02-13,paid,High
670,670,16707,10.72,debt_consolidation,2022-02-26,paid,Low
671,671,26458,17.57,debt_consolidation,2022-03-15,current,Low
672,672,29760,14.74,education,2024-12-06,current,Low
673,673,28063,4,other,2021-11-12,current,Medium
674,674,36895,7.49,major_purchase,2022-07-17,current,Low
675,675,14112,13.99,education,2021-10-04,current,Low
676,676,21932,4.28,medical,2024-11-23,current,Low
677,677,12920,9.47,home_improvement,2022-02-11,current,Low
678,678,6831,9.32,other,2021-02-10,paid,Medium
679,679,12149,10.66,other,2020-08-28,default,Low
680,680,14313,7.87,debt_consolidation,2024-10-31,current,Medium
681,681,19544,13.14,major_purchase,2021-01-22,current,Low
682,682,39201,16.36,major_purchase,2022-07-27,default,Medium
683,683,17792,6.17,debt_consolidation,2023-02-14,default,Medium
684,684,3982,11.81,debt_consolidation,2022-10-30,paid,High
685,685,18058,10.98,debt_consolidation,2022-10-06,current,Medium
686,686,3894,11.58,other,2022-10-19,current,Low
687,687,18285,20.01,small_business,2022-06-11,current,Low
688,688,29835,8.9,debt_consolidation,2020-10-31,default,Medium
689,689,33434,12.41,debt_consolidation,2021-12-31,current,Low
690,690,19619,10.47,debt_consolidation,2020-12-10,current,Medium
691,691,38407,25.71,debt_consolidation,2020-06-06,paid,Medium
692,692,25481,23.03,education,2020-08-05,current,Low
693,693,39941,8.29,education,2021-11-05,current,Low
694,694,9475,11.99,debt_consolidation,2020-04-09,current,High
695,695,17722,10.41,debt_consolidation,2024-04-27,current,Low
696,696,11101,8.78,debt_consolidation,2022-10-02,current,Low
697,697,25081,9.72,small_business,2022-09-29,current,Low
698,698,13213,14.25,medical,2022-05-22,default,Medium
699,699,35555,6.94,education,2022-12-10,default,Medium
700,700,20687,22.95,car,2022-12-07,current,Low
701,701,31451,11.6,major_purchase,2023-03-10,current,Medium
702,702,12941,12.67,car,2020-04-02,default,Medium
703,703,18371,13.66,home_improvement,2024-11-19,current,Low
704,704,1383,10.63,home_improvement,2020-01-28,paid,Low
705,705,24640,10.84,major_purchase,2023-11-14,paid,High
706,706,13335,18.86,other,2021-03-04,current,Low
707,707,31371,8.13,debt_consolidation,2022-05-14,default,Low
708,708,39353,10.98,debt_consolidation,2021-08-26,current,Medium
709,709,33486,7.38,major_purchase,2023-05-05,current,Low
710,710,32975,11.46,debt_consolidation,2020-05-04,current,Low
711,711,33426,9.41,education,2023-08-16,paid,Medium
712,712,15398,15.43,education,2023-11-03,paid,Low
713,713,28319,14.45,car,2023-10-10,current,Medium
714,714,32646,9.74,debt_consolidation,2021-02-12,paid,Low
715,715,2188,14.59,home_improvement,2021-06-18,paid,Medium
716,716,15856,12.29,debt_consolidation,2021-04-03,current,Low
717,717,34776,6.94,education,2020-08-01,current,Low
718,718,7676,13.21,car,2020-03-26,current,Low
719,719,34154,14.77,medical,2024-11-17,paid,Low
720,720,1431,8.5,debt_consolidation,2024-07-15,paid,Medium
721,721,17085,7.96,debt_consolidation,2024-03-23,current,Low
722,722,34826,7.79,car,2022-01-10,current,Medium
723,723,11769,11.42,medical,2022-03-16,current,Medium
724,724,35064,14.01,other,2022-05-08,paid,Medium
725,725,19335,4,other,2023-06-04,current,Medium
726,726,23626,8.09,other,2024-05-19,current,Low
727,727,9257,11.07,small_business,2023-01-12,paid,Low
728,728,36385,9.64,education,2021-05-09,current,Low
729,729,34259,4.37,home_improvement,2020-04-07,current,Low
730,730,39115,12.12,small_business,2023-07-09,current,Low
731,731,10173,5.63,major_purchase,2022-11-30,current,Low
732,732,28004,12.64,debt_consolidation,2020-05-07,current,Low
733,733,26872,8.36,other,2023-04-11,current,Low
734,734,34147,7.87,debt_consolidation,2023-12-27,paid,Medium
735,735,11278,7.86,other,2022-01-26,current,Low
736,736,8716,14.42,home_improvement,2022-02-05,paid,Low
737,737,19578,16.44,debt_consolidation,2024-08-04,current,Medium
738,738,23139,14.58,car,2022-08-31,current,Low
739,739,10763,6.88,other,2021-10-28,paid,Low
740,740,30038,9.87,major_purchase,2023-08-15,default,Medium
741,741,6580,17.37,debt_consolidation,2023-06-21,current,Low
742,742,35855,7.27,debt_consolidation,2020-02-08,paid,Low
743,743,27332,14.49,education,2022-10-03,current,Low
744,744,8513,9.3,other,2023-01-14,paid,Low
745,745,22318,15.83,debt_consolidation,2023-12-31,default,Low
746,746,4399,21.52,debt_consolidation,2024-03-20,current,Medium
747,747,37249,11.01,home_improvement,2022-09-18,default,Low
748,748,37353,10.23,education,2020-09-14,paid,Medium
749,749,12022,22.05,car,2023-01-05,current,Medium
750,750,11969,4,debt_consolidation,2022-09-14,paid,Low
751,751,11578,19.46,major_purchase,2023-02-27,paid,Low
752,752,14818,4,education,2024-06-30,paid,Low
753,753,22078,8.92,home_improvement,2022-07-30,current,Low
754,754,1627,9.43,major_purchase,2022-04-26,current,Medium
755,755,36300,15.99,debt_consolidation,2024-08-31,current,Medium
756,756,1552,8.67,debt_consolidation,2022-01-28,current,Medium
757,757,6896,20.85,car,2023-07-04,paid,Low
758,758,14702,13.07,debt_consolidation,2024-08-08,current,Medium
759,759,38037,14.3,debt_consolidation,2023-04-19,paid,Low
760,760,2515,7.61,other,2023-11-20,current,Low
761,761,4398,12.05,other,2021-10-23,paid,High
762,762,15715,12.79,debt_consolidation,2022-05-10,current,Low
763,763,15786,7.03,other,2022-05-17,current,Medium
764,764,29308,14.16,car,2023-04-28,current,Medium
765,765,22862,13.67,small_business,2021-04-29,current,Low
766,766,4977,8.27,other,2022-02-11,paid,Low
767,767,29301,9.9,debt_consolidation,2023-10-19,default,Medium
768,768,1695,9.23,medical,2022-08-08,current,Low
769,769,22508,9.33,education,2020-08-09,paid,Low
770,770,24290,10.83,medical,2024-01-24,current,Medium
771,771,24445,15.81,home_improvement,2024-12-17,current,Medium
772,772,10476,22.26,debt_consolidation,2022-11-04,current,Low
773,773,5482,11.16,home_improvement,2023-09-29,paid,Medium
774,774,20636,7.86,home_improvement,2020-11-28,default,Medium
775,775,31574,9.25,education,2021-05-04,current,Low
776,776,1440,14.84,home_improvement,2020-05-31,paid,Low
777,777,2945,5.51,debt_consolidation,2021-08-04,paid,Low
778,778,18156,14.64,other,2020-02-12,current,Low
779,779,25224,14.34,car,2023-09-15,paid,Low
780,780,9571,10.98,car,2021-01-27,current,Medium
781,781,13392,13.23,other,2021-08-25,current,Medium
782,782,33046,6.4,debt_consolidation,2020-06-15,current,Medium
783,783,25527,17.35,medical,2022-08-08,paid,Low
784,784,39271,10.76,education,2021-02-28,paid,Medium
785,785,25517,19.87,debt_consolidation,2020-06-22,paid,Low
786,786,28925,9.75,medical,2022-06-04,current,Low
787,787,24533,14.64,other,2021-08-26,current,Low
788,788,3508,11.19,small_business,2021-11-14,paid,Medium
789,789,10035,9.85,other,2024-03-20,current,Medium
790,790,27591,15.62,car,2024-03-31,current,Medium
791,791,14754,9.85,medical,2022-11-22,current,Medium
792,792,29101,13.43,car,2023-11-30,current,Low
793,793,1634,18.24,medical,2023-09-11,current,High
794,794,22369,15.96,education,2023-03-08,current,Low
795,795,38609,9.02,other,2022-02-19,paid,Low
796,796,20965,15.28,debt_consolidation,2020-08-01,current,Medium
797,797,26289,12.45,debt_consolidation,2021-04-22,paid,Low
798,798,26631,12.25,debt_consolidation,2020-08-14,default,Medium
799,799,32115,13.98,debt_consolidation,2023-03-23,current,Medium
800,800,5192,12.48,car,2023-05-23,current,Medium
801,801,19868,13.3,education,2022-07-23,paid,Medium
802,802,12768,5.03,other,2024-02-10,current,Low
803,803,11350,15.5,debt_consolidation,2023-07-10,current,Medium
804,804,37229,6.96,debt_consolidation,2022-01-25,default,Medium
805,805,31288,12.93,debt_consolidation,2023-08-01,current,Low
806,806,8515,8.83,major_purchase,2020-10-06,paid,Low
807,807,10191,11.11,medical,2021-07-25,current,Low
808,808,6084,16.76,major_purchase,2020-01-23,current,Low
809,809,4129,13.29,car,2024-07-19,current,Medium
810,810,4189,7.97,car,2024-04-20,paid,Low
811,811,13592,12.1,major_purchase,2020-05-09,paid,Low
812,812,8057,14.1,car,2021-10-22,current,Low
813,813,24368,11.24,home_improvement,2020-01-31,current,Low
814,814,25181,14.96,debt_consolidation,2024-12-18,paid,Medium
815,815,12236,9.25,debt_consolidation,2020-07-13,current,Low
816,816,21838,13.84,other,2023-09-26,current,Low
817,817,39500,15.85,major_purchase,2020-01-28,paid,Low
818,818,4927,5.29,debt_consolidation,2022-10-18,paid,Medium
819,819,22541,9.5,debt_consolidation,2021-10-12,current,Medium
820,820,22710,5.85,home_improvement,2021-02-25,current,Low
821,821,35175,9.32,home_improvement,2022-06-24,current,Low
822,822,9228,16.0,debt_consolidation,2023-04-28,current,Medium
823,823,13945,14.01,debt_consolidation,2020-12-27,current,Low
824,824,24565,19.6,home_improvement,2020-12-09,paid,Medium
825,825,25996,20.23,medical,2020-06-19,current,High
826,826,30727,8.95,debt_consolidation,2023-02-25,current,Low
827,827,33813,14.14,major_purchase,2022-02-05,current,Low
828,828,5668,14.28,home_improvement,2020-03-20,current,Low
829,829,23844,4,small_business,2022-09-27,current,Low
830,830,24685,9.03,education,2023-10-17,default,Medium
831,831,38902,11.23,other,2024-09-19,default,Medium
832,832,34982,15.19,other,2024-11-29,current,Low
833,833,21183,10.82,major_purchase,2024-03-21,current,Medium
834,834,14731,8.38,other,2022-03-26,current,Low
835,835,28318,15.94,education,2024-02-10,paid,Medium
836,836,38164,12.4,car,2021-01-15,paid,Low
837,837,8156,11.13,other,2020-12-06,default,Medium
838,838,7606,12.54,debt_consolidation,2021-06-28,current,Low
839,839,35083,18.88,other,2024-04-08,paid,Low
840,840,21658,17.18,car,2022-01-09,current,Medium
841,841,27332,11.71,major_purchase,2024-12-23,current,Medium
842,842,30616,9.98,education,2023-09-11,current,Medium
843,843,24606,10.07,other,2024-07-11,current,High
844,844,32203,4.91,other,2024-10-21,current,Medium
845,845,34071,4.15,debt_consolidation,2022-10-16,current,Low
846,846,36433,15.79,debt_consolidation,2021-03-09,default,Medium
847,847,22397,11.96,other,2024-04-18,paid,Low
848,848,33241,13.51,debt_consolidation,2023-11-17,paid,Medium
849,849,26011,13.45,education,2024-05-26,current,Medium
850,850,39810,13.14,other,2024-03-04,current,Low
851,851,36101,11.89,debt_consolidation,2022-03-05,current,Medium
852,852,26907,11.33,debt_consolidation,2024-10-11,current,Low
853,853,10559,12.0,major_purchase,2024-10-05,current,Low
854,854,38615,11.88,medical,2024-08-24,paid,Medium
855,855,15750,17.2,major_purchase,2020-04-17,current,Medium
856,856,11432,19.0,other,2023-01-27,current,Low
857,857,19505,12.97,major_purchase,2021-02-03,current,Low
858,858,20927,4.25,medical,2020-12-01,current,Medium
859,859,1598,19.0,home_improvement,2024-10-19,current,Medium
860,860,4691,10.71,debt_consolidation,2022-08-28,default,High
861,861,27476,6.14,debt_consolidation,2020-08-31,paid,Low
862,862,6872,8.82,car,2024-11-06,current,Medium
863,863,34406,12.15,debt_consolidation,2023-04-16,current,Medium
864,864,29420,9.57,debt_consolidation,2020-09-13,default,Medium
865,865,37441,18.72,car,2024-05-23,current,Low
866,866,14596,5.11,other,2020-08-28,paid,Medium
867,867,14515,10.05,education,2020-06-28,current,Medium
868,868,1005,21.93,debt_consolidation,2020-04-04,current,Low
869,869,35253,13.78,other,2021-12-22,current,Medium
870,870,15104,14.57,other,2023-05-18,current,Medium
871,871,11703,14.38,home_improvement,2020-06-19,current,Low
872,872,13624,17.4,major_purchase,2023-02-28,current,Medium
873,873,17220,18.44,debt_consolidation,2020-09-12,current,Low
874,874,10589,16.65,other,2021-04-07,default,High
875,875,35503,9.91,major_purchase,2021-09-19,current,Low
876,876,7492,10.57,other,2020-12-15,paid,Low
877,877,27388,5.66,medical,2020-09-18,paid,Low
878,878,25258,16.05,major_purchase,2021-05-25,current,Medium
879,879,29034,7.49,small_business,2024-01-11,current,Medium
880,880,6907,10.68,education,2020-06-06,current,Medium
881,881,1700,6.92,other,2022-05-18,current,Low
882,882,9171,6.48,home_improvement,2023-06-16,paid,Low
883,883,35610,11.21,major_purchase,2020-03-27,current,Low
884,884,9737,11.58,small_business,2020-04-14,current,Low
885,885,8724,10.44,debt_consolidation,2022-09-16,paid,Medium
886,886,34785,15.34,car,2020-03-13,current,Low
887,887,8023,12.16,debt_consolidation,2024-12-28,current,Low
888,888,27916,16.64,debt_consolidation,2022-09-25,default,Low
889,889,36155,14.7,car,2020-08-10,current,Low
890,890,14006,11.57,debt_consolidation,2021-08-06,default,Medium
891,891,18419,14.25,debt_consolidation,2022-09-28,current,Medium
892,892,26483,4,debt_consolidation,2020-08-08,current,Low
893,893,1526,18.0,medical,2021-08-15,paid,Low
894,894,8537,9.45,other,2023-12-06,paid,Low
895,895,39744,7.5,education,2020-10-31,paid,Low
896,896,4339,14.47,home_improvement,2022-12-11,paid,Low
897,897,20941,12.62,debt_consolidation,2022-01-14,paid,Low
898,898,22078,12.12,debt_consolidation,2022-08-24,paid,Medium
899,899,1895,14.58,major_purchase,2024-04-26,current,Low
900,900,19084,7.17,debt_consolidation,2022-02-25,default,Medium
901,901,13480,14.68,debt_consolidation,2022-07-01,current,Medium
902,902,11071,4,debt_consolidation,2021-01-27,current,Low
903,903,8695,10.68,other,2020-05-18,paid,High
904,904,19982,14.78,debt_consolidation,2023-03-05,default,Medium
905,905,5914,12.15,debt_consolidation,2024-03-17,current,Low
906,906,39804,12.33,major_purchase,2024-12-05,current,Medium
907,907,18597,19.81,small_business,2020-12-16,paid,Medium
908,908,4376,10.85,education,2021-05-24,current,Medium
909,909,36997,4.07,debt_consolidation,2020-09-30,current,Low
910,910,19329,5.18,debt_consolidation,2020-02-02,current,Medium
911,911,17865,16.1,other,2023-07-23,current,Low
912,912,26917,17.4,debt_consolidation,2021-04-19,current,Low
913,913,12541,12.11,debt_consolidation,2022-10-01,current,Low
914,914,13310,7.13,debt_consolidation,2020-05-27,paid,Medium
915,915,1772,9.85,education,2022-02-12,paid,Medium
916,916,18541,11.15,debt_consolidation,2023-07-08,current,Low
917,917,6568,10.06,debt_consolidation,2022-09-10,current,Low
918,918,18528,12.4,education,2020-09-09,default,Low
919,919,15700,9.29,debt_consolidation,2022-05-24,current,Low
920,920,8366,17.5,medical,2020-08-13,paid,Low
921,921,6557,15.27,other,2023-05-23,paid,Low
922,922,19809,15.83,home_improvement,2020-07-31,paid,Low
923,923,10741,5.27,car,2020-10-27,paid,Medium
924,924,19250,10.2,debt_consolidation,2021-10-23,current,Medium
925,925,22853,14.83,debt_consolidation,2023-09-01,current,Low
926,926,6479,12.23,education,2022-05-13,current,Low
927,927,2124,13.98,home_improvement,2022-08-28,current,Medium
928,928,20313,5.47,medical,2024-09-06,current,Medium
929,929,10376,10.8,home_improvement,2020-02-23,current,Low
930,930,11366,9.77,debt_consolidation,2022-01-18,paid,Low
931,931,35566,14.05,major_purchase,2021-09-05,current,Low
932,932,3104,12.16,education,2020-12-21,current,Medium
933,933,33890,9.49,home_improvement,2021-04-10,current,Low
934,934,4669,11.71,debt_consolidation,2021-01-11,current,Low
935,935,25934,12.68,debt_consolidation,2024-07-03,current,Low
936,936,16697,17.28,debt_consolidation,2023-01-14,paid,Low
937,937,16750,14.48,debt_consolidation,2023-03-13,current,Low
938,938,24373,20.81,major_purchase,2022-03-26,current,Medium
939,939,34002,10.27,debt_consolidation,2024-07-11,current,Medium
940,940,31350,11.19,debt_consolidation,2023-07-05,paid,Low
941,941,33874,6.36,small_business,2024-02-01,current,Low
942,942,29239,15.2,debt_consolidation,2023-12-30,current,Medium
943,943,33605,13.04,debt_consolidation,2020-01-31,default,Medium
944,944,20372,12.03,debt_consolidation,2021-07-27,current,Low
945,945,29969,16.52,education,2020-10-14,current,Medium
946,946,9453,16.6,medical,2022-11-15,current,Low
947,947,3796,11.88,education,2023-08-11,default,Low
948,948,38364,13.56,home_improvement,2020-05-29,paid,Low
949,949,8151,12.97,debt_consolidation,2024-02-07,paid,Low
950,950,32869,12.85,debt_consolidation,2024-02-27,current,Low
951,951,25922,14.2,debt_consolidation,2024-07-13,current,Low
952,952,18684,4.71,debt_consolidation,2020-12-26,default,Medium
953,953,18003,13.25,debt_consolidation,2020-04-20,paid,Low
954,954,32162,15.19,small_business,2024-05-24,paid,Low
955,955,14012,12.36,debt_consolidation,2023-09-29,current,Medium
956,956,10863,5.47,other,2020-10-29,current,Low
957,957,9239,18.38,education,2023-08-01,current,Medium
958,958,15164,5.48,home_improvement,2021-01-26,current,Low
959,959,9175,12.87,major_purchase,2023-08-21,current,High
960,960,12522,16.86,medical,2022-02-03,paid,Low
961,961,19562,6.95,major_purchase,2024-10-21,default,Medium
962,962,36699,12.96,debt_consolidation,2022-06-28,current,Medium
963,963,8503,18.73,debt_consolidation,2022-08-19,current,Low
964,964,26939,8.85,debt_consolidation,2022-02-06,current,Medium
965,965,16830,20.08,debt_consolidation,2022-04-29,default,Low
966,966,38498,7.1,other,2021-05-10,current,Low
967,967,26586,7.02,other,2020-12-21,paid,Medium
968,968,38809,9.99,car,2024-09-22,current,Medium
969,969,39881,13.7,debt_consolidation,2023-06-19,current,Low
970,970,24469,9.89,debt_consolidation,2023-08-29,current,Low
971,971,4391,5.1,debt_consolidation,2020-10-21,current,Medium
972,972,19511,13.37,debt_consolidation,2021-01-04,paid,Low
973,973,5821,14.95,medical,2023-07-05,paid,Low
974,974,1664,8.04,other,2023-09-12,current,Medium
975,975,11380,12.56,small_business,2021-06-05,current,Low
976,976,8522,11.83,other,2020-03-01,paid,Low
977,977,23842,16.56,major_purchase,2023-08-28,paid,Low
978,978,19421,10.58,other,2020-07-29,current,Low
979,979,28770,10.67,education,2021-07-10,current,Medium
980,980,5211,10.41,medical,2024-12-26,default,Low
981,981,24085,6.9,home_improvement,2020-08-22,default,Medium
982,982,21607,14.58,debt_consolidation,2021-10-14,current,Medium
983,983,14905,8.95,small_business,2020-07-29,current,Medium
984,984,29521,15.83,home_improvement,2021-10-17,default,High
985,985,22422,12.98,education,2021-04-29,current,Low
986,986,27398,11.33,debt_consolidation,2022-12-28,current,High
987,987,19001,16.05,home_improvement,2021-12-09,current,Low
988,988,8956,15.84,car,2023-06-19,paid,Low
989,989,15833,11.68,debt_consolidation,2021-01-26,current,Medium
990,990,3823,8.76,debt_consolidation,2021-09-15,default,Medium
991,991,31192,14.43,debt_consolidation,2021-10-15,current,Medium
992,992,16762,7.5,small_business,2023-09-16,current,Low
993,993,24134,15.72,small_business,2024-11-22,paid,Medium
994,994,15164,14.13,medical,2022-02-27,default,High
995,995,21435,10.63,major_purchase,2023-09-04,paid,Low
996,996,14305,14.89,car,2021-01-19,default,Medium
997,997,8222,10.19,debt_consolidation,2022-08-01,paid,Medium
998,998,29277,21.11,debt_consolidation,2022-03-23,current,Low
999,999,28694,15.34,debt_consolidation,2021-01-22,paid,Medium
1000,1000,8279,14.45,debt_consolidation,2020-04-18,current,Low
